"","minpts","eps","eps2","id","f_measure"
"1",5,1,30,"AB_1",0.606217616580311
"2",10,1,30,"AB_1",0.508670520231214
"3",15,1,30,"AB_1",0.426829268292683
"4",20,1,30,"AB_1",0
"5",25,1,30,"AB_1",0
"6",30,1,30,"AB_1",0
"7",5,1.75,30,"AB_1",0.641758241758242
"8",10,1.75,30,"AB_1",0.642105263157895
"9",15,1.75,30,"AB_1",0.594005449591281
"10",20,1.75,30,"AB_1",0.550561797752809
"11",25,1.75,30,"AB_1",0.214532871972318
"12",30,1.75,30,"AB_1",0
"13",5,2.5,30,"AB_1",0.634862385321101
"14",10,2.5,30,"AB_1",0.683291770573566
"15",15,2.5,30,"AB_1",0.6
"16",20,2.5,30,"AB_1",0.6
"17",25,2.5,30,"AB_1",0.511494252873563
"18",30,2.5,30,"AB_1",0.467455621301775
"19",5,3.25,30,"AB_1",0.483516483516484
"20",10,3.25,30,"AB_1",0.658932714617169
"21",15,3.25,30,"AB_1",0.693467336683417
"22",20,3.25,30,"AB_1",0.6
"23",25,3.25,30,"AB_1",0.544943820224719
"24",30,3.25,30,"AB_1",0.489795918367347
"25",5,4,30,"AB_1",0.457038391224863
"26",10,4,30,"AB_1",0.665245202558635
"27",15,4,30,"AB_1",0.697560975609756
"28",20,4,30,"AB_1",0.683544303797468
"29",25,4,30,"AB_1",0.544943820224719
"30",30,4,30,"AB_1",0.52
"31",5,4.75,30,"AB_1",0.447735191637631
"32",10,4.75,30,"AB_1",0.658959537572254
"33",15,4.75,30,"AB_1",0.699029126213592
"34",20,4.75,30,"AB_1",0.700980392156863
"35",25,4.75,30,"AB_1",0.649616368286445
"36",30,4.75,30,"AB_1",0.522727272727273
"37",5,1,60,"AB_1",0.61381074168798
"38",10,1,60,"AB_1",0.526912181303116
"39",15,1,60,"AB_1",0.435045317220544
"40",20,1,60,"AB_1",0.143884892086331
"41",25,1,60,"AB_1",0
"42",30,1,60,"AB_1",0
"43",5,1.75,60,"AB_1",0.646288209606987
"44",10,1.75,60,"AB_1",0.642297650130548
"45",15,1.75,60,"AB_1",0.598382749326146
"46",20,1.75,60,"AB_1",0.571428571428571
"47",25,1.75,60,"AB_1",0.444444444444444
"48",30,1.75,60,"AB_1",0
"49",5,2.5,60,"AB_1",0.63752276867031
"50",10,2.5,60,"AB_1",0.683168316831683
"51",15,2.5,60,"AB_1",0.602150537634409
"52",20,2.5,60,"AB_1",0.598382749326146
"53",25,2.5,60,"AB_1",0.514285714285714
"54",30,2.5,60,"AB_1",0.510028653295129
"55",5,3.25,60,"AB_1",0.482985729967069
"56",10,3.25,60,"AB_1",0.657407407407407
"57",15,3.25,60,"AB_1",0.699751861042184
"58",20,3.25,60,"AB_1",0.608
"59",25,3.25,60,"AB_1",0.602150537634409
"60",30,3.25,60,"AB_1",0.567493112947658
"61",5,4,60,"AB_1",0.456204379562044
"62",10,4,60,"AB_1",0.669491525423729
"63",15,4,60,"AB_1",0.699029126213592
"64",20,4,60,"AB_1",0.699507389162562
"65",25,4,60,"AB_1",0.608
"66",30,4,60,"AB_1",0.60427807486631
"67",5,4.75,60,"AB_1",0.447735191637631
"68",10,4.75,60,"AB_1",0.66412213740458
"69",15,4.75,60,"AB_1",0.698795180722892
"70",20,4.75,60,"AB_1",0.702179176755448
"71",25,4.75,60,"AB_1",0.697560975609756
"72",30,4.75,60,"AB_1",0.689655172413793
"73",5,1,90,"AB_1",0.620865139949109
"74",10,1,90,"AB_1",0.531073446327684
"75",15,1,90,"AB_1",0.439759036144578
"76",20,1,90,"AB_1",0.143884892086331
"77",25,1,90,"AB_1",0
"78",30,1,90,"AB_1",0
"79",5,1.75,90,"AB_1",0.655097613882863
"80",10,1.75,90,"AB_1",0.652849740932642
"81",15,1.75,90,"AB_1",0.602150537634409
"82",20,1.75,90,"AB_1",0.575342465753425
"83",25,1.75,90,"AB_1",0.444444444444444
"84",30,1.75,90,"AB_1",0
"85",5,2.5,90,"AB_1",0.642468239564428
"86",10,2.5,90,"AB_1",0.692874692874693
"87",15,2.5,90,"AB_1",0.611702127659574
"88",20,2.5,90,"AB_1",0.609625668449198
"89",25,2.5,90,"AB_1",0.609625668449198
"90",30,2.5,90,"AB_1",0.609625668449198
"91",5,3.25,90,"AB_1",0.482456140350877
"92",10,3.25,90,"AB_1",0.678815489749431
"93",15,3.25,90,"AB_1",0.70935960591133
"94",20,3.25,90,"AB_1",0.619047619047619
"95",25,3.25,90,"AB_1",0.619047619047619
"96",30,3.25,90,"AB_1",0.615384615384615
"97",5,4,90,"AB_1",0.456204379562044
"98",10,4,90,"AB_1",0.69022869022869
"99",15,4,90,"AB_1",0.71462829736211
"100",20,4,90,"AB_1",0.712195121951219
"101",25,4,90,"AB_1",0.626315789473684
"102",30,4,90,"AB_1",0.626315789473684
"103",5,4.75,90,"AB_1",0.447735191637631
"104",10,4.75,90,"AB_1",0.66412213740458
"105",15,4.75,90,"AB_1",0.73536299765808
"106",20,4.75,90,"AB_1",0.720763723150358
"107",25,4.75,90,"AB_1",0.719424460431655
"108",30,4.75,90,"AB_1",0.70873786407767
"109",5,1,120,"AB_1",0.620865139949109
"110",10,1,120,"AB_1",0.531073446327684
"111",15,1,120,"AB_1",0.439759036144578
"112",20,1,120,"AB_1",0.143884892086331
"113",25,1,120,"AB_1",0
"114",30,1,120,"AB_1",0
"115",5,1.75,120,"AB_1",0.655097613882863
"116",10,1.75,120,"AB_1",0.652849740932642
"117",15,1.75,120,"AB_1",0.602150537634409
"118",20,1.75,120,"AB_1",0.575342465753425
"119",25,1.75,120,"AB_1",0.444444444444444
"120",30,1.75,120,"AB_1",0
"121",5,2.5,120,"AB_1",0.642468239564428
"122",10,2.5,120,"AB_1",0.696078431372549
"123",15,2.5,120,"AB_1",0.611702127659574
"124",20,2.5,120,"AB_1",0.609625668449198
"125",25,2.5,120,"AB_1",0.609625668449198
"126",30,2.5,120,"AB_1",0.609625668449198
"127",5,3.25,120,"AB_1",0.482456140350877
"128",10,3.25,120,"AB_1",0.678815489749431
"129",15,3.25,120,"AB_1",0.712530712530713
"130",20,3.25,120,"AB_1",0.619047619047619
"131",25,3.25,120,"AB_1",0.619047619047619
"132",30,3.25,120,"AB_1",0.615384615384615
"133",5,4,120,"AB_1",0.456204379562044
"134",10,4,120,"AB_1",0.69022869022869
"135",15,4,120,"AB_1",0.723809523809524
"136",20,4,120,"AB_1",0.712195121951219
"137",25,4,120,"AB_1",0.626315789473684
"138",30,4,120,"AB_1",0.626315789473684
"139",5,4.75,120,"AB_1",0.447735191637631
"140",10,4.75,120,"AB_1",0.66412213740458
"141",15,4.75,120,"AB_1",0.73536299765808
"142",20,4.75,120,"AB_1",0.732860520094563
"143",25,4.75,120,"AB_1",0.728571428571429
"144",30,4.75,120,"AB_1",0.711864406779661
"145",5,1,150,"AB_1",0.620865139949109
"146",10,1,150,"AB_1",0.531073446327684
"147",15,1,150,"AB_1",0.439759036144578
"148",20,1,150,"AB_1",0.143884892086331
"149",25,1,150,"AB_1",0
"150",30,1,150,"AB_1",0
"151",5,1.75,150,"AB_1",0.655097613882863
"152",10,1.75,150,"AB_1",0.652849740932642
"153",15,1.75,150,"AB_1",0.602150537634409
"154",20,1.75,150,"AB_1",0.575342465753425
"155",25,1.75,150,"AB_1",0.444444444444444
"156",30,1.75,150,"AB_1",0
"157",5,2.5,150,"AB_1",0.642468239564428
"158",10,2.5,150,"AB_1",0.696078431372549
"159",15,2.5,150,"AB_1",0.611702127659574
"160",20,2.5,150,"AB_1",0.608
"161",25,2.5,150,"AB_1",0.609625668449198
"162",30,2.5,150,"AB_1",0.609625668449198
"163",5,3.25,150,"AB_1",0.482456140350877
"164",10,3.25,150,"AB_1",0.678815489749431
"165",15,3.25,150,"AB_1",0.712530712530713
"166",20,3.25,150,"AB_1",0.619047619047619
"167",25,3.25,150,"AB_1",0.619047619047619
"168",30,3.25,150,"AB_1",0.615384615384615
"169",5,4,150,"AB_1",0.456204379562044
"170",10,4,150,"AB_1",0.692946058091286
"171",15,4,150,"AB_1",0.726840855106888
"172",20,4,150,"AB_1",0.721549636803874
"173",25,4,150,"AB_1",0.62992125984252
"174",30,4,150,"AB_1",0.62992125984252
"175",5,4.75,150,"AB_1",0.447735191637631
"176",10,4.75,150,"AB_1",0.66412213740458
"177",15,4.75,150,"AB_1",0.738317757009346
"178",20,4.75,150,"AB_1",0.738823529411765
"179",25,4.75,150,"AB_1",0.734597156398104
"180",30,4.75,150,"AB_1",0.724220623501199
"181",5,1,180,"AB_1",0.620865139949109
"182",10,1,180,"AB_1",0.531073446327684
"183",15,1,180,"AB_1",0.439759036144578
"184",20,1,180,"AB_1",0.143884892086331
"185",25,1,180,"AB_1",0
"186",30,1,180,"AB_1",0
"187",5,1.75,180,"AB_1",0.655097613882863
"188",10,1.75,180,"AB_1",0.652849740932642
"189",15,1.75,180,"AB_1",0.602150537634409
"190",20,1.75,180,"AB_1",0.575342465753425
"191",25,1.75,180,"AB_1",0.444444444444444
"192",30,1.75,180,"AB_1",0
"193",5,2.5,180,"AB_1",0.642468239564428
"194",10,2.5,180,"AB_1",0.696078431372549
"195",15,2.5,180,"AB_1",0.611702127659574
"196",20,2.5,180,"AB_1",0.608
"197",25,2.5,180,"AB_1",0.609625668449198
"198",30,2.5,180,"AB_1",0.609625668449198
"199",5,3.25,180,"AB_1",0.482456140350877
"200",10,3.25,180,"AB_1",0.678815489749431
"201",15,3.25,180,"AB_1",0.712530712530713
"202",20,3.25,180,"AB_1",0.619047619047619
"203",25,3.25,180,"AB_1",0.619047619047619
"204",30,3.25,180,"AB_1",0.615384615384615
"205",5,4,180,"AB_1",0.456204379562044
"206",10,4,180,"AB_1",0.692946058091286
"207",15,4,180,"AB_1",0.726840855106888
"208",20,4,180,"AB_1",0.721549636803874
"209",25,4,180,"AB_1",0.62992125984252
"210",30,4,180,"AB_1",0.62992125984252
"211",5,4.75,180,"AB_1",0.447735191637631
"212",10,4.75,180,"AB_1",0.66412213740458
"213",15,4.75,180,"AB_1",0.738317757009346
"214",20,4.75,180,"AB_1",0.738823529411765
"215",25,4.75,180,"AB_1",0.734597156398104
"216",30,4.75,180,"AB_1",0.724220623501199
"217",5,1,30,"AB_2",0.208
"218",10,1,30,"AB_2",0.0442477876106195
"219",15,1,30,"AB_2",0
"220",20,1,30,"AB_2",0
"221",25,1,30,"AB_2",0
"222",30,1,30,"AB_2",0
"223",5,1.75,30,"AB_2",0.379939209726444
"224",10,1.75,30,"AB_2",0.103004291845494
"225",15,1.75,30,"AB_2",0
"226",20,1.75,30,"AB_2",0
"227",25,1.75,30,"AB_2",0
"228",30,1.75,30,"AB_2",0
"229",5,2.5,30,"AB_2",0.413641364136414
"230",10,2.5,30,"AB_2",0.297551789077213
"231",15,2.5,30,"AB_2",0.0656455142231947
"232",20,2.5,30,"AB_2",0
"233",25,2.5,30,"AB_2",0
"234",30,2.5,30,"AB_2",0
"235",5,3.25,30,"AB_2",0.408800567778566
"236",10,3.25,30,"AB_2",0.351351351351351
"237",15,3.25,30,"AB_2",0.0740740740740741
"238",20,3.25,30,"AB_2",0
"239",25,3.25,30,"AB_2",0
"240",30,3.25,30,"AB_2",0
"241",5,4,30,"AB_2",0.398514851485149
"242",10,4,30,"AB_2",0.388652482269504
"243",15,4,30,"AB_2",0.316190476190476
"244",20,4,30,"AB_2",0
"245",25,4,30,"AB_2",0
"246",30,4,30,"AB_2",0
"247",5,4.75,30,"AB_2",0.407894736842105
"248",10,4.75,30,"AB_2",0.478002378121284
"249",15,4.75,30,"AB_2",0.34634974533107
"250",20,4.75,30,"AB_2",0
"251",25,4.75,30,"AB_2",0
"252",30,4.75,30,"AB_2",0
"253",5,1,60,"AB_2",0.208
"254",10,1,60,"AB_2",0.0442477876106195
"255",15,1,60,"AB_2",0
"256",20,1,60,"AB_2",0
"257",25,1,60,"AB_2",0
"258",30,1,60,"AB_2",0
"259",5,1.75,60,"AB_2",0.408955223880597
"260",10,1.75,60,"AB_2",0.103004291845494
"261",15,1.75,60,"AB_2",0
"262",20,1.75,60,"AB_2",0
"263",25,1.75,60,"AB_2",0
"264",30,1.75,60,"AB_2",0
"265",5,2.5,60,"AB_2",0.418859649122807
"266",10,2.5,60,"AB_2",0.303939962476548
"267",15,2.5,60,"AB_2",0.0656455142231947
"268",20,2.5,60,"AB_2",0
"269",25,2.5,60,"AB_2",0
"270",30,2.5,60,"AB_2",0
"271",5,3.25,60,"AB_2",0.412181303116147
"272",10,3.25,60,"AB_2",0.392092257001647
"273",15,3.25,60,"AB_2",0.0740740740740741
"274",20,3.25,60,"AB_2",0
"275",25,3.25,60,"AB_2",0
"276",30,3.25,60,"AB_2",0
"277",5,4,60,"AB_2",0.399505256648114
"278",10,4,60,"AB_2",0.415620641562064
"279",15,4,60,"AB_2",0.347663551401869
"280",20,4,60,"AB_2",0
"281",25,4,60,"AB_2",0
"282",30,4,60,"AB_2",0
"283",5,4.75,60,"AB_2",0.407894736842105
"284",10,4.75,60,"AB_2",0.501170960187354
"285",15,4.75,60,"AB_2",0.376666666666667
"286",20,4.75,60,"AB_2",0.0865800865800866
"287",25,4.75,60,"AB_2",0
"288",30,4.75,60,"AB_2",0
"289",5,1,90,"AB_2",0.208
"290",10,1,90,"AB_2",0.0442477876106195
"291",15,1,90,"AB_2",0
"292",20,1,90,"AB_2",0
"293",25,1,90,"AB_2",0
"294",30,1,90,"AB_2",0
"295",5,1.75,90,"AB_2",0.408955223880597
"296",10,1.75,90,"AB_2",0.103004291845494
"297",15,1.75,90,"AB_2",0
"298",20,1.75,90,"AB_2",0
"299",25,1.75,90,"AB_2",0
"300",30,1.75,90,"AB_2",0
"301",5,2.5,90,"AB_2",0.418859649122807
"302",10,2.5,90,"AB_2",0.303939962476548
"303",15,2.5,90,"AB_2",0.0656455142231947
"304",20,2.5,90,"AB_2",0
"305",25,2.5,90,"AB_2",0
"306",30,2.5,90,"AB_2",0
"307",5,3.25,90,"AB_2",0.412181303116147
"308",10,3.25,90,"AB_2",0.394736842105263
"309",15,3.25,90,"AB_2",0.0740740740740741
"310",20,3.25,90,"AB_2",0
"311",25,3.25,90,"AB_2",0
"312",30,3.25,90,"AB_2",0
"313",5,4,90,"AB_2",0.399505256648114
"314",10,4,90,"AB_2",0.417827298050139
"315",15,4,90,"AB_2",0.356877323420074
"316",20,4,90,"AB_2",0
"317",25,4,90,"AB_2",0
"318",30,4,90,"AB_2",0
"319",5,4.75,90,"AB_2",0.407894736842105
"320",10,4.75,90,"AB_2",0.504672897196262
"321",15,4.75,90,"AB_2",0.384742951907131
"322",20,4.75,90,"AB_2",0.0948275862068965
"323",25,4.75,90,"AB_2",0
"324",30,4.75,90,"AB_2",0
"325",5,1,120,"AB_2",0.225742574257426
"326",10,1,120,"AB_2",0.0442477876106195
"327",15,1,120,"AB_2",0
"328",20,1,120,"AB_2",0
"329",25,1,120,"AB_2",0
"330",30,1,120,"AB_2",0
"331",5,1.75,120,"AB_2",0.420740740740741
"332",10,1.75,120,"AB_2",0.103004291845494
"333",15,1.75,120,"AB_2",0
"334",20,1.75,120,"AB_2",0
"335",25,1.75,120,"AB_2",0
"336",30,1.75,120,"AB_2",0
"337",5,2.5,120,"AB_2",0.427480916030534
"338",10,2.5,120,"AB_2",0.303939962476548
"339",15,2.5,120,"AB_2",0.0656455142231947
"340",20,2.5,120,"AB_2",0
"341",25,2.5,120,"AB_2",0
"342",30,2.5,120,"AB_2",0
"343",5,3.25,120,"AB_2",0.413305024769993
"344",10,3.25,120,"AB_2",0.394736842105263
"345",15,3.25,120,"AB_2",0.0740740740740741
"346",20,3.25,120,"AB_2",0
"347",25,3.25,120,"AB_2",0
"348",30,3.25,120,"AB_2",0
"349",5,4,120,"AB_2",0.400494437577256
"350",10,4,120,"AB_2",0.417827298050139
"351",15,4,120,"AB_2",0.356877323420074
"352",20,4,120,"AB_2",0
"353",25,4,120,"AB_2",0
"354",30,4,120,"AB_2",0
"355",5,4.75,120,"AB_2",0.407894736842105
"356",10,4.75,120,"AB_2",0.518518518518518
"357",15,4.75,120,"AB_2",0.392739273927393
"358",20,4.75,120,"AB_2",0.0948275862068965
"359",25,4.75,120,"AB_2",0
"360",30,4.75,120,"AB_2",0
"361",5,1,150,"AB_2",0.225742574257426
"362",10,1,150,"AB_2",0.0442477876106195
"363",15,1,150,"AB_2",0
"364",20,1,150,"AB_2",0
"365",25,1,150,"AB_2",0
"366",30,1,150,"AB_2",0
"367",5,1.75,150,"AB_2",0.420740740740741
"368",10,1.75,150,"AB_2",0.103004291845494
"369",15,1.75,150,"AB_2",0
"370",20,1.75,150,"AB_2",0
"371",25,1.75,150,"AB_2",0
"372",30,1.75,150,"AB_2",0
"373",5,2.5,150,"AB_2",0.427480916030534
"374",10,2.5,150,"AB_2",0.303939962476548
"375",15,2.5,150,"AB_2",0.0656455142231947
"376",20,2.5,150,"AB_2",0
"377",25,2.5,150,"AB_2",0
"378",30,2.5,150,"AB_2",0
"379",5,3.25,150,"AB_2",0.415547703180212
"380",10,3.25,150,"AB_2",0.394736842105263
"381",15,3.25,150,"AB_2",0.0740740740740741
"382",20,3.25,150,"AB_2",0
"383",25,3.25,150,"AB_2",0
"384",30,3.25,150,"AB_2",0
"385",5,4,150,"AB_2",0.403454657618754
"386",10,4,150,"AB_2",0.426592797783933
"387",15,4,150,"AB_2",0.356877323420074
"388",20,4,150,"AB_2",0
"389",25,4,150,"AB_2",0
"390",30,4,150,"AB_2",0
"391",5,4.75,150,"AB_2",0.411694510739857
"392",10,4.75,150,"AB_2",0.527042577675489
"393",15,4.75,150,"AB_2",0.392739273927393
"394",20,4.75,150,"AB_2",0.0948275862068965
"395",25,4.75,150,"AB_2",0
"396",30,4.75,150,"AB_2",0
"397",5,1,180,"AB_2",0.225742574257426
"398",10,1,180,"AB_2",0.0442477876106195
"399",15,1,180,"AB_2",0
"400",20,1,180,"AB_2",0
"401",25,1,180,"AB_2",0
"402",30,1,180,"AB_2",0
"403",5,1.75,180,"AB_2",0.423076923076923
"404",10,1.75,180,"AB_2",0.103004291845494
"405",15,1.75,180,"AB_2",0
"406",20,1.75,180,"AB_2",0
"407",25,1.75,180,"AB_2",0
"408",30,1.75,180,"AB_2",0
"409",5,2.5,180,"AB_2",0.429193899782135
"410",10,2.5,180,"AB_2",0.303939962476548
"411",15,2.5,180,"AB_2",0.0656455142231947
"412",20,2.5,180,"AB_2",0
"413",25,2.5,180,"AB_2",0
"414",30,2.5,180,"AB_2",0
"415",5,3.25,180,"AB_2",0.417784050811574
"416",10,3.25,180,"AB_2",0.394736842105263
"417",15,3.25,180,"AB_2",0.0740740740740741
"418",20,3.25,180,"AB_2",0
"419",25,3.25,180,"AB_2",0
"420",30,3.25,180,"AB_2",0
"421",5,4,180,"AB_2",0.403454657618754
"422",10,4,180,"AB_2",0.426592797783933
"423",15,4,180,"AB_2",0.356877323420074
"424",20,4,180,"AB_2",0
"425",25,4,180,"AB_2",0
"426",30,4,180,"AB_2",0
"427",5,4.75,180,"AB_2",0.411694510739857
"428",10,4.75,180,"AB_2",0.527042577675489
"429",15,4.75,180,"AB_2",0.392739273927393
"430",20,4.75,180,"AB_2",0.0948275862068965
"431",25,4.75,180,"AB_2",0
"432",30,4.75,180,"AB_2",0
"433",5,1,30,"ALD_1",0.705882352941177
"434",10,1,30,"ALD_1",0.697305863708399
"435",15,1,30,"ALD_1",0.595009596928983
"436",20,1,30,"ALD_1",0.530120481927711
"437",25,1,30,"ALD_1",0.351288056206089
"438",30,1,30,"ALD_1",0.351288056206089
"439",5,1.75,30,"ALD_1",0.661795407098121
"440",10,1.75,30,"ALD_1",0.710182767624021
"441",15,1.75,30,"ALD_1",0.681159420289855
"442",20,1.75,30,"ALD_1",0.652317880794702
"443",25,1.75,30,"ALD_1",0.569230769230769
"444",30,1.75,30,"ALD_1",0.481632653061224
"445",5,2.5,30,"ALD_1",0.613111726685134
"446",10,2.5,30,"ALD_1",0.693363844393593
"447",15,2.5,30,"ALD_1",0.750330250990753
"448",20,2.5,30,"ALD_1",0.639517345399698
"449",25,2.5,30,"ALD_1",0.647154471544715
"450",30,2.5,30,"ALD_1",0.538011695906433
"451",5,3.25,30,"ALD_1",0.574809805579036
"452",10,3.25,30,"ALD_1",0.670744138634047
"453",15,3.25,30,"ALD_1",0.728155339805825
"454",20,3.25,30,"ALD_1",0.72156862745098
"455",25,3.25,30,"ALD_1",0.739568345323741
"456",30,3.25,30,"ALD_1",0.59468438538206
"457",5,4,30,"ALD_1",0.557377049180328
"458",10,4,30,"ALD_1",0.650980392156863
"459",15,4,30,"ALD_1",0.685047720042418
"460",20,4,30,"ALD_1",0.731591448931116
"461",25,4,30,"ALD_1",0.731836195508586
"462",30,4,30,"ALD_1",0.756533700137552
"463",5,4.75,30,"ALD_1",0.549114331723027
"464",10,4.75,30,"ALD_1",0.634146341463415
"465",15,4.75,30,"ALD_1",0.65863453815261
"466",20,4.75,30,"ALD_1",0.715859030837004
"467",25,4.75,30,"ALD_1",0.743063932448733
"468",30,4.75,30,"ALD_1",0.729624838292367
"469",5,1,60,"ALD_1",0.694789081885856
"470",10,1,60,"ALD_1",0.692913385826772
"471",15,1,60,"ALD_1",0.630797773654917
"472",20,1,60,"ALD_1",0.547244094488189
"473",25,1,60,"ALD_1",0.390350877192982
"474",30,1,60,"ALD_1",0.350467289719626
"475",5,1.75,60,"ALD_1",0.656410256410256
"476",10,1.75,60,"ALD_1",0.713021491782554
"477",15,1.75,60,"ALD_1",0.689556509298999
"478",20,1.75,60,"ALD_1",0.663398692810457
"479",25,1.75,60,"ALD_1",0.603351955307263
"480",30,1.75,60,"ALD_1",0.522772277227723
"481",5,2.5,60,"ALD_1",0.606946983546618
"482",10,2.5,60,"ALD_1",0.68942731277533
"483",15,2.5,60,"ALD_1",0.74342928660826
"484",20,2.5,60,"ALD_1",0.633928571428571
"485",25,2.5,60,"ALD_1",0.638977635782748
"486",30,2.5,60,"ALD_1",0.543689320388349
"487",5,3.25,60,"ALD_1",0.573355817875211
"488",10,3.25,60,"ALD_1",0.664658634538153
"489",15,3.25,60,"ALD_1",0.736596736596737
"490",20,3.25,60,"ALD_1",0.733921815889029
"491",25,3.25,60,"ALD_1",0.733238231098431
"492",30,3.25,60,"ALD_1",0.595744680851064
"493",5,4,60,"ALD_1",0.556464811783961
"494",10,4,60,"ALD_1",0.644034917555771
"495",15,4,60,"ALD_1",0.679205851619645
"496",20,4,60,"ALD_1",0.728929384965831
"497",25,4,60,"ALD_1",0.733249051833123
"498",30,4,60,"ALD_1",0.749318801089918
"499",5,4.75,60,"ALD_1",0.549114331723027
"500",10,4.75,60,"ALD_1",0.62708719851577
"501",15,4.75,60,"ALD_1",0.650793650793651
"502",20,4.75,60,"ALD_1",0.705501618122977
"503",25,4.75,60,"ALD_1",0.736353077816492
"504",30,4.75,60,"ALD_1",0.719101123595506
"505",5,1,90,"ALD_1",0.696406443618339
"506",10,1,90,"ALD_1",0.692913385826772
"507",15,1,90,"ALD_1",0.630797773654917
"508",20,1,90,"ALD_1",0.547244094488189
"509",25,1,90,"ALD_1",0.390350877192982
"510",30,1,90,"ALD_1",0.350467289719626
"511",5,1.75,90,"ALD_1",0.664627930682977
"512",10,1.75,90,"ALD_1",0.713021491782554
"513",15,1.75,90,"ALD_1",0.689556509298999
"514",20,1.75,90,"ALD_1",0.663398692810457
"515",25,1.75,90,"ALD_1",0.61878453038674
"516",30,1.75,90,"ALD_1",0.522772277227723
"517",5,2.5,90,"ALD_1",0.612021857923497
"518",10,2.5,90,"ALD_1",0.695175438596491
"519",15,2.5,90,"ALD_1",0.752795031055901
"520",20,2.5,90,"ALD_1",0.635958395245171
"521",25,2.5,90,"ALD_1",0.641148325358852
"522",30,2.5,90,"ALD_1",0.546511627906977
"523",5,3.25,90,"ALD_1",0.574557708508846
"524",10,3.25,90,"ALD_1",0.671328671328671
"525",15,3.25,90,"ALD_1",0.745958429561201
"526",20,3.25,90,"ALD_1",0.778588807785888
"527",25,3.25,90,"ALD_1",0.776859504132231
"528",30,3.25,90,"ALD_1",0.595744680851064
"529",5,4,90,"ALD_1",0.557645134914146
"530",10,4,90,"ALD_1",0.650579150579151
"531",15,4,90,"ALD_1",0.685950413223141
"532",20,4,90,"ALD_1",0.733183856502242
"533",25,4,90,"ALD_1",0.776556776556777
"534",30,4,90,"ALD_1",0.749318801089918
"535",5,4.75,90,"ALD_1",0.549114331723027
"536",10,4.75,90,"ALD_1",0.62962962962963
"537",15,4.75,90,"ALD_1",0.659470068694799
"538",20,4.75,90,"ALD_1",0.710498409331919
"539",25,4.75,90,"ALD_1",0.742596810933941
"540",30,4.75,90,"ALD_1",0.773809523809524
"541",5,1,120,"ALD_1",0.696406443618339
"542",10,1,120,"ALD_1",0.692913385826772
"543",15,1,120,"ALD_1",0.630797773654917
"544",20,1,120,"ALD_1",0.547244094488189
"545",25,1,120,"ALD_1",0.390350877192982
"546",30,1,120,"ALD_1",0.350467289719626
"547",5,1.75,120,"ALD_1",0.66734486266531
"548",10,1.75,120,"ALD_1",0.713021491782554
"549",15,1.75,120,"ALD_1",0.689556509298999
"550",20,1.75,120,"ALD_1",0.663398692810457
"551",25,1.75,120,"ALD_1",0.61878453038674
"552",30,1.75,120,"ALD_1",0.522772277227723
"553",5,2.5,120,"ALD_1",0.612021857923497
"554",10,2.5,120,"ALD_1",0.6941431670282
"555",15,2.5,120,"ALD_1",0.752795031055901
"556",20,2.5,120,"ALD_1",0.635958395245171
"557",25,2.5,120,"ALD_1",0.641148325358852
"558",30,2.5,120,"ALD_1",0.546511627906977
"559",5,3.25,120,"ALD_1",0.574557708508846
"560",10,3.25,120,"ALD_1",0.671328671328671
"561",15,3.25,120,"ALD_1",0.739977090492554
"562",20,3.25,120,"ALD_1",0.774038461538462
"563",25,3.25,120,"ALD_1",0.78021978021978
"564",30,3.25,120,"ALD_1",0.595744680851064
"565",5,4,120,"ALD_1",0.557645134914146
"566",10,4,120,"ALD_1",0.650579150579151
"567",15,4,120,"ALD_1",0.685950413223141
"568",20,4,120,"ALD_1",0.731543624161074
"569",25,4,120,"ALD_1",0.772563176895307
"570",30,4,120,"ALD_1",0.80506329113924
"571",5,4.75,120,"ALD_1",0.549114331723027
"572",10,4.75,120,"ALD_1",0.62962962962963
"573",15,4.75,120,"ALD_1",0.659470068694799
"574",20,4.75,120,"ALD_1",0.710498409331919
"575",25,4.75,120,"ALD_1",0.740068104426788
"576",30,4.75,120,"ALD_1",0.768867924528302
"577",5,1,150,"ALD_1",0.696406443618339
"578",10,1,150,"ALD_1",0.692913385826772
"579",15,1,150,"ALD_1",0.630797773654917
"580",20,1,150,"ALD_1",0.547244094488189
"581",25,1,150,"ALD_1",0.390350877192982
"582",30,1,150,"ALD_1",0.350467289719626
"583",5,1.75,150,"ALD_1",0.66734486266531
"584",10,1.75,150,"ALD_1",0.713021491782554
"585",15,1.75,150,"ALD_1",0.689556509298999
"586",20,1.75,150,"ALD_1",0.663398692810457
"587",25,1.75,150,"ALD_1",0.61878453038674
"588",30,1.75,150,"ALD_1",0.522772277227723
"589",5,2.5,150,"ALD_1",0.612021857923497
"590",10,2.5,150,"ALD_1",0.6941431670282
"591",15,2.5,150,"ALD_1",0.752795031055901
"592",20,2.5,150,"ALD_1",0.635958395245171
"593",25,2.5,150,"ALD_1",0.641148325358852
"594",30,2.5,150,"ALD_1",0.546511627906977
"595",5,3.25,150,"ALD_1",0.574557708508846
"596",10,3.25,150,"ALD_1",0.671328671328671
"597",15,3.25,150,"ALD_1",0.739977090492554
"598",20,3.25,150,"ALD_1",0.774038461538462
"599",25,3.25,150,"ALD_1",0.78021978021978
"600",30,3.25,150,"ALD_1",0.595744680851064
"601",5,4,150,"ALD_1",0.557645134914146
"602",10,4,150,"ALD_1",0.650579150579151
"603",15,4,150,"ALD_1",0.685950413223141
"604",20,4,150,"ALD_1",0.731543624161074
"605",25,4,150,"ALD_1",0.772563176895307
"606",30,4,150,"ALD_1",0.80506329113924
"607",5,4.75,150,"ALD_1",0.549114331723027
"608",10,4.75,150,"ALD_1",0.62962962962963
"609",15,4.75,150,"ALD_1",0.659470068694799
"610",20,4.75,150,"ALD_1",0.710498409331919
"611",25,4.75,150,"ALD_1",0.740068104426788
"612",30,4.75,150,"ALD_1",0.768867924528302
"613",5,1,180,"ALD_1",0.696406443618339
"614",10,1,180,"ALD_1",0.692913385826772
"615",15,1,180,"ALD_1",0.630797773654917
"616",20,1,180,"ALD_1",0.547244094488189
"617",25,1,180,"ALD_1",0.390350877192982
"618",30,1,180,"ALD_1",0.350467289719626
"619",5,1.75,180,"ALD_1",0.66734486266531
"620",10,1.75,180,"ALD_1",0.713021491782554
"621",15,1.75,180,"ALD_1",0.689556509298999
"622",20,1.75,180,"ALD_1",0.663398692810457
"623",25,1.75,180,"ALD_1",0.61878453038674
"624",30,1.75,180,"ALD_1",0.522772277227723
"625",5,2.5,180,"ALD_1",0.612021857923497
"626",10,2.5,180,"ALD_1",0.6941431670282
"627",15,2.5,180,"ALD_1",0.752795031055901
"628",20,2.5,180,"ALD_1",0.635958395245171
"629",25,2.5,180,"ALD_1",0.641148325358852
"630",30,2.5,180,"ALD_1",0.546511627906977
"631",5,3.25,180,"ALD_1",0.574557708508846
"632",10,3.25,180,"ALD_1",0.671328671328671
"633",15,3.25,180,"ALD_1",0.739977090492554
"634",20,3.25,180,"ALD_1",0.774038461538462
"635",25,3.25,180,"ALD_1",0.78021978021978
"636",30,3.25,180,"ALD_1",0.595744680851064
"637",5,4,180,"ALD_1",0.557645134914146
"638",10,4,180,"ALD_1",0.650579150579151
"639",15,4,180,"ALD_1",0.685950413223141
"640",20,4,180,"ALD_1",0.731543624161074
"641",25,4,180,"ALD_1",0.772563176895307
"642",30,4,180,"ALD_1",0.80506329113924
"643",5,4.75,180,"ALD_1",0.549114331723027
"644",10,4.75,180,"ALD_1",0.62962962962963
"645",15,4.75,180,"ALD_1",0.659470068694799
"646",20,4.75,180,"ALD_1",0.710498409331919
"647",25,4.75,180,"ALD_1",0.740068104426788
"648",30,4.75,180,"ALD_1",0.768867924528302
"649",5,1,30,"ALD_2",0.88
"650",10,1,30,"ALD_2",0.862385321100917
"651",15,1,30,"ALD_2",0.831099195710456
"652",20,1,30,"ALD_2",0.764872521246459
"653",25,1,30,"ALD_2",0.747126436781609
"654",30,1,30,"ALD_2",0.717647058823529
"655",5,1.75,30,"ALD_2",0.850202429149798
"656",10,1.75,30,"ALD_2",0.875816993464052
"657",15,1.75,30,"ALD_2",0.882758620689655
"658",20,1.75,30,"ALD_2",0.834605597964377
"659",25,1.75,30,"ALD_2",0.768817204301075
"660",30,1.75,30,"ALD_2",0.768817204301075
"661",5,2.5,30,"ALD_2",0.719327731092437
"662",10,2.5,30,"ALD_2",0.878980891719745
"663",15,2.5,30,"ALD_2",0.90989010989011
"664",20,2.5,30,"ALD_2",0.907079646017699
"665",25,2.5,30,"ALD_2",0.913752913752914
"666",30,2.5,30,"ALD_2",0.770053475935829
"667",5,3.25,30,"ALD_2",0.453870625662778
"668",10,3.25,30,"ALD_2",0.862985685071575
"669",15,3.25,30,"ALD_2",0.876310272536688
"670",20,3.25,30,"ALD_2",0.906318082788671
"671",25,3.25,30,"ALD_2",0.922374429223744
"672",30,3.25,30,"ALD_2",0.912037037037037
"673",5,4,30,"ALD_2",0.368330464716007
"674",10,4,30,"ALD_2",0.8582995951417
"675",15,4,30,"ALD_2",0.861788617886179
"676",20,4,30,"ALD_2",0.900212314225053
"677",25,4,30,"ALD_2",0.900212314225053
"678",30,4,30,"ALD_2",0.906666666666667
"679",5,4.75,30,"ALD_2",0.362404741744284
"680",10,4.75,30,"ALD_2",0.83921568627451
"681",15,4.75,30,"ALD_2",0.85140562248996
"682",20,4.75,30,"ALD_2",0.887029288702929
"683",25,4.75,30,"ALD_2",0.887029288702929
"684",30,4.75,30,"ALD_2",0.890756302521008
"685",5,1,60,"ALD_2",0.884955752212389
"686",10,1,60,"ALD_2",0.868181818181818
"687",15,1,60,"ALD_2",0.835106382978723
"688",20,1,60,"ALD_2",0.769662921348315
"689",25,1,60,"ALD_2",0.754285714285714
"690",30,1,60,"ALD_2",0.732558139534884
"691",5,1.75,60,"ALD_2",0.850202429149798
"692",10,1.75,60,"ALD_2",0.887931034482759
"693",15,1.75,60,"ALD_2",0.892938496583144
"694",20,1.75,60,"ALD_2",0.835443037974684
"695",25,1.75,60,"ALD_2",0.768817204301075
"696",30,1.75,60,"ALD_2",0.768817204301075
"697",5,2.5,60,"ALD_2",0.719327731092437
"698",10,2.5,60,"ALD_2",0.88135593220339
"699",15,2.5,60,"ALD_2",0.912280701754386
"700",20,2.5,60,"ALD_2",0.911894273127753
"701",25,2.5,60,"ALD_2",0.919282511210762
"702",30,2.5,60,"ALD_2",0.827586206896552
"703",5,3.25,60,"ALD_2",0.453870625662778
"704",10,3.25,60,"ALD_2",0.862985685071575
"705",15,3.25,60,"ALD_2",0.876310272536688
"706",20,3.25,60,"ALD_2",0.908695652173913
"707",25,3.25,60,"ALD_2",0.908296943231441
"708",30,3.25,60,"ALD_2",0.908296943231441
"709",5,4,60,"ALD_2",0.368330464716007
"710",10,4,60,"ALD_2",0.8582995951417
"711",15,4,60,"ALD_2",0.861788617886179
"712",20,4,60,"ALD_2",0.900212314225053
"713",25,4,60,"ALD_2",0.900212314225053
"714",30,4,60,"ALD_2",0.897435897435897
"715",5,4.75,60,"ALD_2",0.362404741744284
"716",10,4.75,60,"ALD_2",0.83921568627451
"717",15,4.75,60,"ALD_2",0.854291417165669
"718",20,4.75,60,"ALD_2",0.887966804979253
"719",25,4.75,60,"ALD_2",0.88517745302714
"720",30,4.75,60,"ALD_2",0.888888888888889
"721",5,1,90,"ALD_2",0.884955752212389
"722",10,1,90,"ALD_2",0.868181818181818
"723",15,1,90,"ALD_2",0.835106382978723
"724",20,1,90,"ALD_2",0.769662921348315
"725",25,1,90,"ALD_2",0.752136752136752
"726",30,1,90,"ALD_2",0.732558139534884
"727",5,1.75,90,"ALD_2",0.850202429149798
"728",10,1.75,90,"ALD_2",0.887931034482759
"729",15,1.75,90,"ALD_2",0.892938496583144
"730",20,1.75,90,"ALD_2",0.835443037974684
"731",25,1.75,90,"ALD_2",0.772117962466488
"732",30,1.75,90,"ALD_2",0.772117962466488
"733",5,2.5,90,"ALD_2",0.719327731092437
"734",10,2.5,90,"ALD_2",0.883720930232558
"735",15,2.5,90,"ALD_2",0.914660831509847
"736",20,2.5,90,"ALD_2",0.916666666666667
"737",25,2.5,90,"ALD_2",0.919282511210762
"738",30,2.5,90,"ALD_2",0.827586206896552
"739",5,3.25,90,"ALD_2",0.453870625662778
"740",10,3.25,90,"ALD_2",0.857723577235772
"741",15,3.25,90,"ALD_2",0.877338877338877
"742",20,3.25,90,"ALD_2",0.913419913419913
"743",25,3.25,90,"ALD_2",0.915401301518438
"744",30,3.25,90,"ALD_2",0.915401301518438
"745",5,4,90,"ALD_2",0.368330464716007
"746",10,4,90,"ALD_2",0.856565656565657
"747",15,4,90,"ALD_2",0.8582995951417
"748",20,4,90,"ALD_2",0.896405919661734
"749",25,4,90,"ALD_2",0.896405919661734
"750",30,4,90,"ALD_2",0.902127659574468
"751",5,4.75,90,"ALD_2",0.362404741744284
"752",10,4.75,90,"ALD_2",0.837573385518591
"753",15,4.75,90,"ALD_2",0.852589641434263
"754",20,4.75,90,"ALD_2",0.886128364389234
"755",25,4.75,90,"ALD_2",0.886128364389234
"756",30,4.75,90,"ALD_2",0.887966804979253
"757",5,1,120,"ALD_2",0.884955752212389
"758",10,1,120,"ALD_2",0.868181818181818
"759",15,1,120,"ALD_2",0.835106382978723
"760",20,1,120,"ALD_2",0.769662921348315
"761",25,1,120,"ALD_2",0.752136752136752
"762",30,1,120,"ALD_2",0.732558139534884
"763",5,1.75,120,"ALD_2",0.852589641434263
"764",10,1.75,120,"ALD_2",0.887931034482759
"765",15,1.75,120,"ALD_2",0.892938496583144
"766",20,1.75,120,"ALD_2",0.835443037974684
"767",25,1.75,120,"ALD_2",0.772117962466488
"768",30,1.75,120,"ALD_2",0.772117962466488
"769",5,2.5,120,"ALD_2",0.719327731092437
"770",10,2.5,120,"ALD_2",0.870636550308008
"771",15,2.5,120,"ALD_2",0.908695652173913
"772",20,2.5,120,"ALD_2",0.910675381263617
"773",25,2.5,120,"ALD_2",0.915555555555556
"774",30,2.5,120,"ALD_2",0.823529411764706
"775",5,3.25,120,"ALD_2",0.453870625662778
"776",10,3.25,120,"ALD_2",0.847524752475248
"777",15,3.25,120,"ALD_2",0.872427983539095
"778",20,3.25,120,"ALD_2",0.90948275862069
"779",25,3.25,120,"ALD_2",0.911447084233261
"780",30,3.25,120,"ALD_2",0.911447084233261
"781",5,4,120,"ALD_2",0.368330464716007
"782",10,4,120,"ALD_2",0.840864440078585
"783",15,4,120,"ALD_2",0.849206349206349
"784",20,4,120,"ALD_2",0.896405919661734
"785",25,4,120,"ALD_2",0.896405919661734
"786",30,4,120,"ALD_2",0.902127659574468
"787",5,4.75,120,"ALD_2",0.362404741744284
"788",10,4.75,120,"ALD_2",0.831067961165049
"789",15,4.75,120,"ALD_2",0.8359375
"790",20,4.75,120,"ALD_2",0.886128364389234
"791",25,4.75,120,"ALD_2",0.886128364389234
"792",30,4.75,120,"ALD_2",0.887966804979253
"793",5,1,150,"ALD_2",0.884955752212389
"794",10,1,150,"ALD_2",0.868181818181818
"795",15,1,150,"ALD_2",0.835106382978723
"796",20,1,150,"ALD_2",0.769662921348315
"797",25,1,150,"ALD_2",0.752136752136752
"798",30,1,150,"ALD_2",0.732558139534884
"799",5,1.75,150,"ALD_2",0.852589641434263
"800",10,1.75,150,"ALD_2",0.887931034482759
"801",15,1.75,150,"ALD_2",0.892938496583144
"802",20,1.75,150,"ALD_2",0.835443037974684
"803",25,1.75,150,"ALD_2",0.772117962466488
"804",30,1.75,150,"ALD_2",0.772117962466488
"805",5,2.5,150,"ALD_2",0.719327731092437
"806",10,2.5,150,"ALD_2",0.870636550308008
"807",15,2.5,150,"ALD_2",0.908695652173913
"808",20,2.5,150,"ALD_2",0.910675381263617
"809",25,2.5,150,"ALD_2",0.915555555555556
"810",30,2.5,150,"ALD_2",0.823529411764706
"811",5,3.25,150,"ALD_2",0.453870625662778
"812",10,3.25,150,"ALD_2",0.847524752475248
"813",15,3.25,150,"ALD_2",0.872427983539095
"814",20,3.25,150,"ALD_2",0.90948275862069
"815",25,3.25,150,"ALD_2",0.911447084233261
"816",30,3.25,150,"ALD_2",0.911447084233261
"817",5,4,150,"ALD_2",0.368330464716007
"818",10,4,150,"ALD_2",0.840864440078585
"819",15,4,150,"ALD_2",0.849206349206349
"820",20,4,150,"ALD_2",0.896405919661734
"821",25,4,150,"ALD_2",0.896405919661734
"822",30,4,150,"ALD_2",0.902127659574468
"823",5,4.75,150,"ALD_2",0.362404741744284
"824",10,4.75,150,"ALD_2",0.829457364341085
"825",15,4.75,150,"ALD_2",0.8359375
"826",20,4.75,150,"ALD_2",0.886128364389234
"827",25,4.75,150,"ALD_2",0.886128364389234
"828",30,4.75,150,"ALD_2",0.887966804979253
"829",5,1,180,"ALD_2",0.884955752212389
"830",10,1,180,"ALD_2",0.868181818181818
"831",15,1,180,"ALD_2",0.835106382978723
"832",20,1,180,"ALD_2",0.769662921348315
"833",25,1,180,"ALD_2",0.752136752136752
"834",30,1,180,"ALD_2",0.732558139534884
"835",5,1.75,180,"ALD_2",0.852589641434263
"836",10,1.75,180,"ALD_2",0.887931034482759
"837",15,1.75,180,"ALD_2",0.892938496583144
"838",20,1.75,180,"ALD_2",0.835443037974684
"839",25,1.75,180,"ALD_2",0.772117962466488
"840",30,1.75,180,"ALD_2",0.772117962466488
"841",5,2.5,180,"ALD_2",0.719327731092437
"842",10,2.5,180,"ALD_2",0.870636550308008
"843",15,2.5,180,"ALD_2",0.908695652173913
"844",20,2.5,180,"ALD_2",0.910675381263617
"845",25,2.5,180,"ALD_2",0.915555555555556
"846",30,2.5,180,"ALD_2",0.823529411764706
"847",5,3.25,180,"ALD_2",0.453870625662778
"848",10,3.25,180,"ALD_2",0.847524752475248
"849",15,3.25,180,"ALD_2",0.872427983539095
"850",20,3.25,180,"ALD_2",0.90948275862069
"851",25,3.25,180,"ALD_2",0.911447084233261
"852",30,3.25,180,"ALD_2",0.911447084233261
"853",5,4,180,"ALD_2",0.368330464716007
"854",10,4,180,"ALD_2",0.840864440078585
"855",15,4,180,"ALD_2",0.849206349206349
"856",20,4,180,"ALD_2",0.896405919661734
"857",25,4,180,"ALD_2",0.896405919661734
"858",30,4,180,"ALD_2",0.902127659574468
"859",5,4.75,180,"ALD_2",0.362404741744284
"860",10,4.75,180,"ALD_2",0.829457364341085
"861",15,4.75,180,"ALD_2",0.8359375
"862",20,4.75,180,"ALD_2",0.886128364389234
"863",25,4.75,180,"ALD_2",0.886128364389234
"864",30,4.75,180,"ALD_2",0.887966804979253
"865",5,1,30,"AP_1",0.955357142857143
"866",10,1,30,"AP_1",0.91866028708134
"867",15,1,30,"AP_1",0.857142857142857
"868",20,1,30,"AP_1",0.788888888888889
"869",25,1,30,"AP_1",0.741176470588235
"870",30,1,30,"AP_1",0.513888888888889
"871",5,1.75,30,"AP_1",0.895397489539749
"872",10,1.75,30,"AP_1",0.918454935622318
"873",15,1.75,30,"AP_1",0.87962962962963
"874",20,1.75,30,"AP_1",0.775956284153005
"875",25,1.75,30,"AP_1",0.770949720670391
"876",30,1.75,30,"AP_1",0.578947368421053
"877",5,2.5,30,"AP_1",0.599439775910364
"878",10,2.5,30,"AP_1",0.884297520661157
"879",15,2.5,30,"AP_1",0.85972850678733
"880",20,2.5,30,"AP_1",0.763440860215054
"881",25,2.5,30,"AP_1",0.758241758241758
"882",30,2.5,30,"AP_1",0.571428571428571
"883",5,3.25,30,"AP_1",0.311953352769679
"884",10,3.25,30,"AP_1",0.845849802371542
"885",15,3.25,30,"AP_1",0.852589641434263
"886",20,3.25,30,"AP_1",0.731958762886598
"887",25,3.25,30,"AP_1",0.75
"888",30,3.25,30,"AP_1",0.567741935483871
"889",5,4,30,"AP_1",0.255675029868578
"890",10,4,30,"AP_1",0.816793893129771
"891",15,4,30,"AP_1",0.826254826254826
"892",20,4,30,"AP_1",0.755760368663594
"893",25,4,30,"AP_1",0.737967914438503
"894",30,4,30,"AP_1",0.564102564102564
"895",5,4.75,30,"AP_1",0.253554502369668
"896",10,4.75,30,"AP_1",0.781021897810219
"897",15,4.75,30,"AP_1",0.786764705882353
"898",20,4.75,30,"AP_1",0.728888888888889
"899",25,4.75,30,"AP_1",0.73015873015873
"900",30,4.75,30,"AP_1",0.560509554140127
"901",5,1,60,"AP_1",0.955357142857143
"902",10,1,60,"AP_1",0.91866028708134
"903",15,1,60,"AP_1",0.857142857142857
"904",20,1,60,"AP_1",0.784530386740331
"905",25,1,60,"AP_1",0.747126436781609
"906",30,1,60,"AP_1",0.513888888888889
"907",5,1.75,60,"AP_1",0.895397489539749
"908",10,1.75,60,"AP_1",0.918454935622318
"909",15,1.75,60,"AP_1",0.875576036866359
"910",20,1.75,60,"AP_1",0.767567567567568
"911",25,1.75,60,"AP_1",0.771739130434783
"912",30,1.75,60,"AP_1",0.775956284153005
"913",5,2.5,60,"AP_1",0.599439775910364
"914",10,2.5,60,"AP_1",0.884297520661157
"915",15,2.5,60,"AP_1",0.855855855855856
"916",20,2.5,60,"AP_1",0.751322751322751
"917",25,2.5,60,"AP_1",0.75531914893617
"918",30,2.5,60,"AP_1",0.763440860215054
"919",5,3.25,60,"AP_1",0.311953352769679
"920",10,3.25,60,"AP_1",0.845849802371542
"921",15,3.25,60,"AP_1",0.852589641434263
"922",20,3.25,60,"AP_1",0.724489795918367
"923",25,3.25,60,"AP_1",0.728205128205128
"924",30,3.25,60,"AP_1",0.739583333333333
"925",5,4,60,"AP_1",0.255675029868578
"926",10,4,60,"AP_1",0.816793893129771
"927",15,4,60,"AP_1",0.826254826254826
"928",20,4,60,"AP_1",0.748858447488584
"929",25,4,60,"AP_1",0.71356783919598
"930",30,4,60,"AP_1",0.728205128205128
"931",5,4.75,60,"AP_1",0.253554502369668
"932",10,4.75,60,"AP_1",0.781021897810219
"933",15,4.75,60,"AP_1",0.786764705882353
"934",20,4.75,60,"AP_1",0.719298245614035
"935",25,4.75,60,"AP_1",0.696078431372549
"936",30,4.75,60,"AP_1",0.71
"937",5,1,90,"AP_1",0.955357142857143
"938",10,1,90,"AP_1",0.91866028708134
"939",15,1,90,"AP_1",0.857142857142857
"940",20,1,90,"AP_1",0.784530386740331
"941",25,1,90,"AP_1",0.747126436781609
"942",30,1,90,"AP_1",0.513888888888889
"943",5,1.75,90,"AP_1",0.895397489539749
"944",10,1.75,90,"AP_1",0.918454935622318
"945",15,1.75,90,"AP_1",0.875576036866359
"946",20,1.75,90,"AP_1",0.767567567567568
"947",25,1.75,90,"AP_1",0.767567567567568
"948",30,1.75,90,"AP_1",0.767567567567568
"949",5,2.5,90,"AP_1",0.599439775910364
"950",10,2.5,90,"AP_1",0.884297520661157
"951",15,2.5,90,"AP_1",0.855855855855856
"952",20,2.5,90,"AP_1",0.751322751322751
"953",25,2.5,90,"AP_1",0.751322751322751
"954",30,2.5,90,"AP_1",0.751322751322751
"955",5,3.25,90,"AP_1",0.311953352769679
"956",10,3.25,90,"AP_1",0.845849802371542
"957",15,3.25,90,"AP_1",0.852589641434263
"958",20,3.25,90,"AP_1",0.724489795918367
"959",25,3.25,90,"AP_1",0.728205128205128
"960",30,3.25,90,"AP_1",0.731958762886598
"961",5,4,90,"AP_1",0.255675029868578
"962",10,4,90,"AP_1",0.816793893129771
"963",15,4,90,"AP_1",0.826254826254826
"964",20,4,90,"AP_1",0.748858447488584
"965",25,4,90,"AP_1",0.71356783919598
"966",30,4,90,"AP_1",0.720812182741117
"967",5,4.75,90,"AP_1",0.253554502369668
"968",10,4.75,90,"AP_1",0.781021897810219
"969",15,4.75,90,"AP_1",0.786764705882353
"970",20,4.75,90,"AP_1",0.719298245614035
"971",25,4.75,90,"AP_1",0.696078431372549
"972",30,4.75,90,"AP_1",0.699507389162562
"973",5,1,120,"AP_1",0.955357142857143
"974",10,1,120,"AP_1",0.91866028708134
"975",15,1,120,"AP_1",0.857142857142857
"976",20,1,120,"AP_1",0.784530386740331
"977",25,1,120,"AP_1",0.747126436781609
"978",30,1,120,"AP_1",0.513888888888889
"979",5,1.75,120,"AP_1",0.895397489539749
"980",10,1.75,120,"AP_1",0.918454935622318
"981",15,1.75,120,"AP_1",0.875576036866359
"982",20,1.75,120,"AP_1",0.767567567567568
"983",25,1.75,120,"AP_1",0.767567567567568
"984",30,1.75,120,"AP_1",0.767567567567568
"985",5,2.5,120,"AP_1",0.599439775910364
"986",10,2.5,120,"AP_1",0.884297520661157
"987",15,2.5,120,"AP_1",0.855855855855856
"988",20,2.5,120,"AP_1",0.751322751322751
"989",25,2.5,120,"AP_1",0.751322751322751
"990",30,2.5,120,"AP_1",0.751322751322751
"991",5,3.25,120,"AP_1",0.311953352769679
"992",10,3.25,120,"AP_1",0.845849802371542
"993",15,3.25,120,"AP_1",0.852589641434263
"994",20,3.25,120,"AP_1",0.724489795918367
"995",25,3.25,120,"AP_1",0.728205128205128
"996",30,3.25,120,"AP_1",0.731958762886598
"997",5,4,120,"AP_1",0.255675029868578
"998",10,4,120,"AP_1",0.816793893129771
"999",15,4,120,"AP_1",0.826254826254826
"1000",20,4,120,"AP_1",0.748858447488584
"1001",25,4,120,"AP_1",0.71356783919598
"1002",30,4,120,"AP_1",0.720812182741117
"1003",5,4.75,120,"AP_1",0.253554502369668
"1004",10,4.75,120,"AP_1",0.781021897810219
"1005",15,4.75,120,"AP_1",0.786764705882353
"1006",20,4.75,120,"AP_1",0.719298245614035
"1007",25,4.75,120,"AP_1",0.696078431372549
"1008",30,4.75,120,"AP_1",0.699507389162562
"1009",5,1,150,"AP_1",0.955357142857143
"1010",10,1,150,"AP_1",0.91866028708134
"1011",15,1,150,"AP_1",0.857142857142857
"1012",20,1,150,"AP_1",0.784530386740331
"1013",25,1,150,"AP_1",0.747126436781609
"1014",30,1,150,"AP_1",0.513888888888889
"1015",5,1.75,150,"AP_1",0.895397489539749
"1016",10,1.75,150,"AP_1",0.918454935622318
"1017",15,1.75,150,"AP_1",0.875576036866359
"1018",20,1.75,150,"AP_1",0.767567567567568
"1019",25,1.75,150,"AP_1",0.767567567567568
"1020",30,1.75,150,"AP_1",0.767567567567568
"1021",5,2.5,150,"AP_1",0.599439775910364
"1022",10,2.5,150,"AP_1",0.884297520661157
"1023",15,2.5,150,"AP_1",0.855855855855856
"1024",20,2.5,150,"AP_1",0.751322751322751
"1025",25,2.5,150,"AP_1",0.751322751322751
"1026",30,2.5,150,"AP_1",0.751322751322751
"1027",5,3.25,150,"AP_1",0.311953352769679
"1028",10,3.25,150,"AP_1",0.845849802371542
"1029",15,3.25,150,"AP_1",0.852589641434263
"1030",20,3.25,150,"AP_1",0.724489795918367
"1031",25,3.25,150,"AP_1",0.728205128205128
"1032",30,3.25,150,"AP_1",0.731958762886598
"1033",5,4,150,"AP_1",0.255675029868578
"1034",10,4,150,"AP_1",0.816793893129771
"1035",15,4,150,"AP_1",0.826254826254826
"1036",20,4,150,"AP_1",0.748858447488584
"1037",25,4,150,"AP_1",0.71356783919598
"1038",30,4,150,"AP_1",0.720812182741117
"1039",5,4.75,150,"AP_1",0.253554502369668
"1040",10,4.75,150,"AP_1",0.781021897810219
"1041",15,4.75,150,"AP_1",0.786764705882353
"1042",20,4.75,150,"AP_1",0.719298245614035
"1043",25,4.75,150,"AP_1",0.696078431372549
"1044",30,4.75,150,"AP_1",0.699507389162562
"1045",5,1,180,"AP_1",0.955357142857143
"1046",10,1,180,"AP_1",0.91866028708134
"1047",15,1,180,"AP_1",0.857142857142857
"1048",20,1,180,"AP_1",0.784530386740331
"1049",25,1,180,"AP_1",0.747126436781609
"1050",30,1,180,"AP_1",0.513888888888889
"1051",5,1.75,180,"AP_1",0.895397489539749
"1052",10,1.75,180,"AP_1",0.918454935622318
"1053",15,1.75,180,"AP_1",0.875576036866359
"1054",20,1.75,180,"AP_1",0.767567567567568
"1055",25,1.75,180,"AP_1",0.767567567567568
"1056",30,1.75,180,"AP_1",0.767567567567568
"1057",5,2.5,180,"AP_1",0.599439775910364
"1058",10,2.5,180,"AP_1",0.884297520661157
"1059",15,2.5,180,"AP_1",0.855855855855856
"1060",20,2.5,180,"AP_1",0.751322751322751
"1061",25,2.5,180,"AP_1",0.751322751322751
"1062",30,2.5,180,"AP_1",0.751322751322751
"1063",5,3.25,180,"AP_1",0.311953352769679
"1064",10,3.25,180,"AP_1",0.845849802371542
"1065",15,3.25,180,"AP_1",0.852589641434263
"1066",20,3.25,180,"AP_1",0.724489795918367
"1067",25,3.25,180,"AP_1",0.728205128205128
"1068",30,3.25,180,"AP_1",0.731958762886598
"1069",5,4,180,"AP_1",0.255675029868578
"1070",10,4,180,"AP_1",0.816793893129771
"1071",15,4,180,"AP_1",0.826254826254826
"1072",20,4,180,"AP_1",0.748858447488584
"1073",25,4,180,"AP_1",0.71356783919598
"1074",30,4,180,"AP_1",0.720812182741117
"1075",5,4.75,180,"AP_1",0.253554502369668
"1076",10,4.75,180,"AP_1",0.781021897810219
"1077",15,4.75,180,"AP_1",0.786764705882353
"1078",20,4.75,180,"AP_1",0.719298245614035
"1079",25,4.75,180,"AP_1",0.696078431372549
"1080",30,4.75,180,"AP_1",0.699507389162562
"1081",5,1,30,"AP_2",0.916923076923077
"1082",10,1,30,"AP_2",0.907936507936508
"1083",15,1,30,"AP_2",0.916666666666667
"1084",20,1,30,"AP_2",0.882154882154882
"1085",25,1,30,"AP_2",0.725099601593626
"1086",30,1,30,"AP_2",0.683333333333333
"1087",5,1.75,30,"AP_2",0.853868194842407
"1088",10,1.75,30,"AP_2",0.86404833836858
"1089",15,1.75,30,"AP_2",0.869300911854103
"1090",20,1.75,30,"AP_2",0.853420195439739
"1091",25,1.75,30,"AP_2",0.715953307392996
"1092",30,1.75,30,"AP_2",0.672131147540984
"1093",5,2.5,30,"AP_2",0.610997963340122
"1094",10,2.5,30,"AP_2",0.842696629213483
"1095",15,2.5,30,"AP_2",0.831395348837209
"1096",20,2.5,30,"AP_2",0.823899371069182
"1097",25,2.5,30,"AP_2",0.787456445993031
"1098",30,2.5,30,"AP_2",0.65863453815261
"1099",5,3.25,30,"AP_2",0.302851524090462
"1100",10,3.25,30,"AP_2",0.814814814814815
"1101",15,3.25,30,"AP_2",0.798882681564246
"1102",20,3.25,30,"AP_2",0.8125
"1103",25,3.25,30,"AP_2",0.803680981595092
"1104",30,3.25,30,"AP_2",0.694339622641509
"1105",5,4,30,"AP_2",0.292220113851992
"1106",10,4,30,"AP_2",0.781725888324873
"1107",15,4,30,"AP_2",0.793814432989691
"1108",20,4,30,"AP_2",0.777173913043478
"1109",25,4,30,"AP_2",0.779761904761905
"1110",30,4,30,"AP_2",0.684014869888476
"1111",5,4.75,30,"AP_2",0.289201877934272
"1112",10,4.75,30,"AP_2",0.745762711864407
"1113",15,4.75,30,"AP_2",0.762376237623762
"1114",20,4.75,30,"AP_2",0.74869109947644
"1115",25,4.75,30,"AP_2",0.757225433526012
"1116",30,4.75,30,"AP_2",0.743421052631579
"1117",5,1,60,"AP_2",0.916923076923077
"1118",10,1,60,"AP_2",0.907936507936508
"1119",15,1,60,"AP_2",0.916666666666667
"1120",20,1,60,"AP_2",0.882154882154882
"1121",25,1,60,"AP_2",0.73015873015873
"1122",30,1,60,"AP_2",0.73015873015873
"1123",5,1.75,60,"AP_2",0.853868194842407
"1124",10,1.75,60,"AP_2",0.86404833836858
"1125",15,1.75,60,"AP_2",0.866666666666667
"1126",20,1.75,60,"AP_2",0.850649350649351
"1127",25,1.75,60,"AP_2",0.71042471042471
"1128",30,1.75,60,"AP_2",0.713178294573643
"1129",5,2.5,60,"AP_2",0.610997963340122
"1130",10,2.5,60,"AP_2",0.842696629213483
"1131",15,2.5,60,"AP_2",0.831395348837209
"1132",20,2.5,60,"AP_2",0.81619937694704
"1133",25,2.5,60,"AP_2",0.768707482993197
"1134",30,2.5,60,"AP_2",0.694339622641509
"1135",5,3.25,60,"AP_2",0.302851524090462
"1136",10,3.25,60,"AP_2",0.814814814814815
"1137",15,3.25,60,"AP_2",0.798882681564246
"1138",20,3.25,60,"AP_2",0.805633802816901
"1139",25,3.25,60,"AP_2",0.786786786786787
"1140",30,3.25,60,"AP_2",0.676470588235294
"1141",5,4,60,"AP_2",0.292220113851992
"1142",10,4,60,"AP_2",0.781725888324873
"1143",15,4,60,"AP_2",0.791773778920309
"1144",20,4,60,"AP_2",0.768817204301075
"1145",25,4,60,"AP_2",0.757225433526012
"1146",30,4,60,"AP_2",0.726688102893891
"1147",5,4.75,60,"AP_2",0.289201877934272
"1148",10,4.75,60,"AP_2",0.745762711864407
"1149",15,4.75,60,"AP_2",0.762376237623762
"1150",20,4.75,60,"AP_2",0.740932642487047
"1151",25,4.75,60,"AP_2",0.733893557422969
"1152",30,4.75,60,"AP_2",0.70625
"1153",5,1,90,"AP_2",0.916923076923077
"1154",10,1,90,"AP_2",0.907936507936508
"1155",15,1,90,"AP_2",0.916666666666667
"1156",20,1,90,"AP_2",0.882154882154882
"1157",25,1,90,"AP_2",0.73015873015873
"1158",30,1,90,"AP_2",0.73015873015873
"1159",5,1.75,90,"AP_2",0.853868194842407
"1160",10,1.75,90,"AP_2",0.86404833836858
"1161",15,1.75,90,"AP_2",0.866666666666667
"1162",20,1.75,90,"AP_2",0.850649350649351
"1163",25,1.75,90,"AP_2",0.71042471042471
"1164",30,1.75,90,"AP_2",0.713178294573643
"1165",5,2.5,90,"AP_2",0.610997963340122
"1166",10,2.5,90,"AP_2",0.842696629213483
"1167",15,2.5,90,"AP_2",0.831395348837209
"1168",20,2.5,90,"AP_2",0.81619937694704
"1169",25,2.5,90,"AP_2",0.768707482993197
"1170",30,2.5,90,"AP_2",0.694339622641509
"1171",5,3.25,90,"AP_2",0.302851524090462
"1172",10,3.25,90,"AP_2",0.814814814814815
"1173",15,3.25,90,"AP_2",0.798882681564246
"1174",20,3.25,90,"AP_2",0.805633802816901
"1175",25,3.25,90,"AP_2",0.786786786786787
"1176",30,3.25,90,"AP_2",0.676470588235294
"1177",5,4,90,"AP_2",0.292220113851992
"1178",10,4,90,"AP_2",0.781725888324873
"1179",15,4,90,"AP_2",0.791773778920309
"1180",20,4,90,"AP_2",0.768817204301075
"1181",25,4,90,"AP_2",0.757225433526012
"1182",30,4,90,"AP_2",0.726688102893891
"1183",5,4.75,90,"AP_2",0.289201877934272
"1184",10,4.75,90,"AP_2",0.745762711864407
"1185",15,4.75,90,"AP_2",0.762376237623762
"1186",20,4.75,90,"AP_2",0.740932642487047
"1187",25,4.75,90,"AP_2",0.733893557422969
"1188",30,4.75,90,"AP_2",0.70625
"1189",5,1,120,"AP_2",0.916923076923077
"1190",10,1,120,"AP_2",0.907936507936508
"1191",15,1,120,"AP_2",0.916666666666667
"1192",20,1,120,"AP_2",0.882154882154882
"1193",25,1,120,"AP_2",0.73015873015873
"1194",30,1,120,"AP_2",0.73015873015873
"1195",5,1.75,120,"AP_2",0.853868194842407
"1196",10,1.75,120,"AP_2",0.86404833836858
"1197",15,1.75,120,"AP_2",0.866666666666667
"1198",20,1.75,120,"AP_2",0.850649350649351
"1199",25,1.75,120,"AP_2",0.71042471042471
"1200",30,1.75,120,"AP_2",0.713178294573643
"1201",5,2.5,120,"AP_2",0.610997963340122
"1202",10,2.5,120,"AP_2",0.842696629213483
"1203",15,2.5,120,"AP_2",0.831395348837209
"1204",20,2.5,120,"AP_2",0.81619937694704
"1205",25,2.5,120,"AP_2",0.768707482993197
"1206",30,2.5,120,"AP_2",0.694339622641509
"1207",5,3.25,120,"AP_2",0.302851524090462
"1208",10,3.25,120,"AP_2",0.814814814814815
"1209",15,3.25,120,"AP_2",0.798882681564246
"1210",20,3.25,120,"AP_2",0.805633802816901
"1211",25,3.25,120,"AP_2",0.786786786786787
"1212",30,3.25,120,"AP_2",0.676470588235294
"1213",5,4,120,"AP_2",0.292220113851992
"1214",10,4,120,"AP_2",0.781725888324873
"1215",15,4,120,"AP_2",0.791773778920309
"1216",20,4,120,"AP_2",0.768817204301075
"1217",25,4,120,"AP_2",0.757225433526012
"1218",30,4,120,"AP_2",0.726688102893891
"1219",5,4.75,120,"AP_2",0.289201877934272
"1220",10,4.75,120,"AP_2",0.745762711864407
"1221",15,4.75,120,"AP_2",0.762376237623762
"1222",20,4.75,120,"AP_2",0.740932642487047
"1223",25,4.75,120,"AP_2",0.733893557422969
"1224",30,4.75,120,"AP_2",0.70625
"1225",5,1,150,"AP_2",0.916923076923077
"1226",10,1,150,"AP_2",0.907936507936508
"1227",15,1,150,"AP_2",0.916666666666667
"1228",20,1,150,"AP_2",0.882154882154882
"1229",25,1,150,"AP_2",0.73015873015873
"1230",30,1,150,"AP_2",0.73015873015873
"1231",5,1.75,150,"AP_2",0.853868194842407
"1232",10,1.75,150,"AP_2",0.86404833836858
"1233",15,1.75,150,"AP_2",0.866666666666667
"1234",20,1.75,150,"AP_2",0.850649350649351
"1235",25,1.75,150,"AP_2",0.71042471042471
"1236",30,1.75,150,"AP_2",0.713178294573643
"1237",5,2.5,150,"AP_2",0.610997963340122
"1238",10,2.5,150,"AP_2",0.842696629213483
"1239",15,2.5,150,"AP_2",0.831395348837209
"1240",20,2.5,150,"AP_2",0.81619937694704
"1241",25,2.5,150,"AP_2",0.768707482993197
"1242",30,2.5,150,"AP_2",0.694339622641509
"1243",5,3.25,150,"AP_2",0.302851524090462
"1244",10,3.25,150,"AP_2",0.814814814814815
"1245",15,3.25,150,"AP_2",0.798882681564246
"1246",20,3.25,150,"AP_2",0.805633802816901
"1247",25,3.25,150,"AP_2",0.786786786786787
"1248",30,3.25,150,"AP_2",0.676470588235294
"1249",5,4,150,"AP_2",0.292220113851992
"1250",10,4,150,"AP_2",0.781725888324873
"1251",15,4,150,"AP_2",0.791773778920309
"1252",20,4,150,"AP_2",0.768817204301075
"1253",25,4,150,"AP_2",0.757225433526012
"1254",30,4,150,"AP_2",0.726688102893891
"1255",5,4.75,150,"AP_2",0.289201877934272
"1256",10,4.75,150,"AP_2",0.745762711864407
"1257",15,4.75,150,"AP_2",0.762376237623762
"1258",20,4.75,150,"AP_2",0.740932642487047
"1259",25,4.75,150,"AP_2",0.733893557422969
"1260",30,4.75,150,"AP_2",0.70625
"1261",5,1,180,"AP_2",0.916923076923077
"1262",10,1,180,"AP_2",0.907936507936508
"1263",15,1,180,"AP_2",0.916666666666667
"1264",20,1,180,"AP_2",0.882154882154882
"1265",25,1,180,"AP_2",0.73015873015873
"1266",30,1,180,"AP_2",0.73015873015873
"1267",5,1.75,180,"AP_2",0.853868194842407
"1268",10,1.75,180,"AP_2",0.86404833836858
"1269",15,1.75,180,"AP_2",0.866666666666667
"1270",20,1.75,180,"AP_2",0.850649350649351
"1271",25,1.75,180,"AP_2",0.71042471042471
"1272",30,1.75,180,"AP_2",0.713178294573643
"1273",5,2.5,180,"AP_2",0.610997963340122
"1274",10,2.5,180,"AP_2",0.842696629213483
"1275",15,2.5,180,"AP_2",0.831395348837209
"1276",20,2.5,180,"AP_2",0.81619937694704
"1277",25,2.5,180,"AP_2",0.768707482993197
"1278",30,2.5,180,"AP_2",0.694339622641509
"1279",5,3.25,180,"AP_2",0.302851524090462
"1280",10,3.25,180,"AP_2",0.814814814814815
"1281",15,3.25,180,"AP_2",0.798882681564246
"1282",20,3.25,180,"AP_2",0.805633802816901
"1283",25,3.25,180,"AP_2",0.786786786786787
"1284",30,3.25,180,"AP_2",0.676470588235294
"1285",5,4,180,"AP_2",0.292220113851992
"1286",10,4,180,"AP_2",0.781725888324873
"1287",15,4,180,"AP_2",0.791773778920309
"1288",20,4,180,"AP_2",0.768817204301075
"1289",25,4,180,"AP_2",0.757225433526012
"1290",30,4,180,"AP_2",0.726688102893891
"1291",5,4.75,180,"AP_2",0.289201877934272
"1292",10,4.75,180,"AP_2",0.745762711864407
"1293",15,4.75,180,"AP_2",0.762376237623762
"1294",20,4.75,180,"AP_2",0.740932642487047
"1295",25,4.75,180,"AP_2",0.733893557422969
"1296",30,4.75,180,"AP_2",0.70625
"1297",5,1,30,"TL_1",0.320812182741117
"1298",10,1,30,"TL_1",0.213822894168467
"1299",15,1,30,"TL_1",0.114025085518814
"1300",20,1,30,"TL_1",0.0722610722610723
"1301",25,1,30,"TL_1",0
"1302",30,1,30,"TL_1",0
"1303",5,1.75,30,"TL_1",0.496363636363636
"1304",10,1.75,30,"TL_1",0.360753221010902
"1305",15,1.75,30,"TL_1",0.266247379454927
"1306",20,1.75,30,"TL_1",0.176405733186329
"1307",25,1.75,30,"TL_1",0.1289592760181
"1308",30,1.75,30,"TL_1",0.114025085518814
"1309",5,2.5,30,"TL_1",0.753579502637528
"1310",10,2.5,30,"TL_1",0.411143131604227
"1311",15,2.5,30,"TL_1",0.346
"1312",20,2.5,30,"TL_1",0.217672413793103
"1313",25,2.5,30,"TL_1",0.158129175946548
"1314",30,2.5,30,"TL_1",0.139482564679415
"1315",5,3.25,30,"TL_1",0.916120576671035
"1316",10,3.25,30,"TL_1",0.497729336966394
"1317",15,3.25,30,"TL_1",0.365612648221344
"1318",20,3.25,30,"TL_1",0.291322314049587
"1319",25,3.25,30,"TL_1",0.236673773987207
"1320",30,3.25,30,"TL_1",0.184412733260154
"1321",5,4,30,"TL_1",0.932903225806452
"1322",10,4,30,"TL_1",0.556719022687609
"1323",15,4,30,"TL_1",0.451310861423221
"1324",20,4,30,"TL_1",0.37843137254902
"1325",25,4,30,"TL_1",0.307062436028659
"1326",30,4,30,"TL_1",0.257112750263435
"1327",5,4.75,30,"TL_1",0.945825366475462
"1328",10,4.75,30,"TL_1",0.653094462540717
"1329",15,4.75,30,"TL_1",0.499092558983666
"1330",20,4.75,30,"TL_1",0.401932367149758
"1331",25,4.75,30,"TL_1",0.315682281059063
"1332",30,4.75,30,"TL_1",0.264428121720881
"1333",5,1,60,"TL_1",0.337688442211055
"1334",10,1,60,"TL_1",0.234791889007471
"1335",15,1,60,"TL_1",0.118316268486917
"1336",20,1,60,"TL_1",0.0767441860465116
"1337",25,1,60,"TL_1",0
"1338",30,1,60,"TL_1",0
"1339",5,1.75,60,"TL_1",0.50316742081448
"1340",10,1.75,60,"TL_1",0.365612648221344
"1341",15,1.75,60,"TL_1",0.271682340647858
"1342",20,1.75,60,"TL_1",0.184412733260154
"1343",25,1.75,60,"TL_1",0.137387387387387
"1344",30,1.75,60,"TL_1",0.135287485907554
"1345",5,2.5,60,"TL_1",0.755455229495862
"1346",10,2.5,60,"TL_1",0.417224880382775
"1347",15,2.5,60,"TL_1",0.350947158524427
"1348",20,2.5,60,"TL_1",0.231016042780749
"1349",25,2.5,60,"TL_1",0.16629711751663
"1350",30,2.5,60,"TL_1",0.16629711751663
"1351",5,3.25,60,"TL_1",0.918954248366013
"1352",10,3.25,60,"TL_1",0.507220216606498
"1353",15,3.25,60,"TL_1",0.373647984267453
"1354",20,3.25,60,"TL_1",0.293085655314757
"1355",25,3.25,60,"TL_1",0.238551650692226
"1356",30,3.25,60,"TL_1",0.18640350877193
"1357",5,4,60,"TL_1",0.935649935649936
"1358",10,4,60,"TL_1",0.570440795159896
"1359",15,4,60,"TL_1",0.458527493010252
"1360",20,4,60,"TL_1",0.387914230019493
"1361",25,4,60,"TL_1",0.312244897959184
"1362",30,4,60,"TL_1",0.262605042016807
"1363",5,4.75,60,"TL_1",0.947837150127226
"1364",10,4.75,60,"TL_1",0.663974151857835
"1365",15,4.75,60,"TL_1",0.508566275924256
"1366",20,4.75,60,"TL_1",0.408084696823869
"1367",25,4.75,60,"TL_1",0.330978809283552
"1368",30,4.75,60,"TL_1",0.271682340647858
"1369",5,1,90,"TL_1",0.337688442211055
"1370",10,1,90,"TL_1",0.234791889007471
"1371",15,1,90,"TL_1",0.118316268486917
"1372",20,1,90,"TL_1",0.0767441860465116
"1373",25,1,90,"TL_1",0
"1374",30,1,90,"TL_1",0
"1375",5,1.75,90,"TL_1",0.511251125112511
"1376",10,1.75,90,"TL_1",0.365612648221344
"1377",15,1.75,90,"TL_1",0.271682340647858
"1378",20,1.75,90,"TL_1",0.184412733260154
"1379",25,1.75,90,"TL_1",0.137387387387387
"1380",30,1.75,90,"TL_1",0.135287485907554
"1381",5,2.5,90,"TL_1",0.755455229495862
"1382",10,2.5,90,"TL_1",0.417224880382775
"1383",15,2.5,90,"TL_1",0.350947158524427
"1384",20,2.5,90,"TL_1",0.231016042780749
"1385",25,2.5,90,"TL_1",0.182417582417582
"1386",30,2.5,90,"TL_1",0.16629711751663
"1387",5,3.25,90,"TL_1",0.918954248366013
"1388",10,3.25,90,"TL_1",0.507220216606498
"1389",15,3.25,90,"TL_1",0.37524557956778
"1390",20,3.25,90,"TL_1",0.293085655314757
"1391",25,3.25,90,"TL_1",0.238551650692226
"1392",30,3.25,90,"TL_1",0.188389923329682
"1393",5,4,90,"TL_1",0.935649935649936
"1394",10,4,90,"TL_1",0.570440795159896
"1395",15,4,90,"TL_1",0.462825278810409
"1396",20,4,90,"TL_1",0.387914230019493
"1397",25,4,90,"TL_1",0.312244897959184
"1398",30,4,90,"TL_1",0.262605042016807
"1399",5,4.75,90,"TL_1",0.94984126984127
"1400",10,4.75,90,"TL_1",0.66934835076428
"1401",15,4.75,90,"TL_1",0.515260323159785
"1402",20,4.75,90,"TL_1",0.415708812260536
"1403",25,4.75,90,"TL_1",0.373647984267453
"1404",30,4.75,90,"TL_1",0.278876170655567
"1405",5,1,120,"TL_1",0.337688442211055
"1406",10,1,120,"TL_1",0.234791889007471
"1407",15,1,120,"TL_1",0.118316268486917
"1408",20,1,120,"TL_1",0.0767441860465116
"1409",25,1,120,"TL_1",0
"1410",30,1,120,"TL_1",0
"1411",5,1.75,120,"TL_1",0.511251125112511
"1412",10,1.75,120,"TL_1",0.365612648221344
"1413",15,1.75,120,"TL_1",0.271682340647858
"1414",20,1.75,120,"TL_1",0.184412733260154
"1415",25,1.75,120,"TL_1",0.137387387387387
"1416",30,1.75,120,"TL_1",0.135287485907554
"1417",5,2.5,120,"TL_1",0.755455229495862
"1418",10,2.5,120,"TL_1",0.417224880382775
"1419",15,2.5,120,"TL_1",0.350947158524427
"1420",20,2.5,120,"TL_1",0.231016042780749
"1421",25,2.5,120,"TL_1",0.182417582417582
"1422",30,2.5,120,"TL_1",0.16629711751663
"1423",5,3.25,120,"TL_1",0.918954248366013
"1424",10,3.25,120,"TL_1",0.508566275924256
"1425",15,3.25,120,"TL_1",0.37524557956778
"1426",20,3.25,120,"TL_1",0.293085655314757
"1427",25,3.25,120,"TL_1",0.238551650692226
"1428",30,3.25,120,"TL_1",0.188389923329682
"1429",5,4,120,"TL_1",0.935649935649936
"1430",10,4,120,"TL_1",0.575366063738157
"1431",15,4,120,"TL_1",0.474169741697417
"1432",20,4,120,"TL_1",0.397286821705426
"1433",25,4,120,"TL_1",0.312244897959184
"1434",30,4,120,"TL_1",0.262605042016807
"1435",5,4.75,120,"TL_1",0.94984126984127
"1436",10,4.75,120,"TL_1",0.672552166934189
"1437",15,4.75,120,"TL_1",0.523214285714286
"1438",20,4.75,120,"TL_1",0.44256120527307
"1439",25,4.75,120,"TL_1",0.38001958863859
"1440",30,4.75,120,"TL_1",0.282450674974039
"1441",5,1,150,"TL_1",0.342685370741483
"1442",10,1,150,"TL_1",0.234791889007471
"1443",15,1,150,"TL_1",0.118316268486917
"1444",20,1,150,"TL_1",0.0767441860465116
"1445",25,1,150,"TL_1",0
"1446",30,1,150,"TL_1",0
"1447",5,1.75,150,"TL_1",0.519247985675918
"1448",10,1.75,150,"TL_1",0.368836291913215
"1449",15,1.75,150,"TL_1",0.271682340647858
"1450",20,1.75,150,"TL_1",0.184412733260154
"1451",25,1.75,150,"TL_1",0.137387387387387
"1452",30,1.75,150,"TL_1",0.135287485907554
"1453",5,2.5,150,"TL_1",0.75732531930879
"1454",10,2.5,150,"TL_1",0.42175572519084
"1455",15,2.5,150,"TL_1",0.350947158524427
"1456",20,2.5,150,"TL_1",0.231016042780749
"1457",25,2.5,150,"TL_1",0.182417582417582
"1458",30,2.5,150,"TL_1",0.16629711751663
"1459",5,3.25,150,"TL_1",0.918954248366013
"1460",10,3.25,150,"TL_1",0.519247985675918
"1461",15,3.25,150,"TL_1",0.409615384615385
"1462",20,3.25,150,"TL_1",0.293085655314757
"1463",25,3.25,150,"TL_1",0.238551650692226
"1464",30,3.25,150,"TL_1",0.188389923329682
"1465",5,4,150,"TL_1",0.935649935649936
"1466",10,4,150,"TL_1",0.576592082616179
"1467",15,4,150,"TL_1",0.499092558983666
"1468",20,4,150,"TL_1",0.433712121212121
"1469",25,4,150,"TL_1",0.312244897959184
"1470",30,4,150,"TL_1",0.262605042016807
"1471",5,4.75,150,"TL_1",0.94984126984127
"1472",10,4.75,150,"TL_1",0.672552166934189
"1473",15,4.75,150,"TL_1",0.524531668153434
"1474",20,4.75,150,"TL_1",0.465677179962894
"1475",25,4.75,150,"TL_1",0.420248328557784
"1476",30,4.75,150,"TL_1",0.282450674974039
"1477",5,1,180,"TL_1",0.342685370741483
"1478",10,1,180,"TL_1",0.234791889007471
"1479",15,1,180,"TL_1",0.118316268486917
"1480",20,1,180,"TL_1",0.0767441860465116
"1481",25,1,180,"TL_1",0
"1482",30,1,180,"TL_1",0
"1483",5,1.75,180,"TL_1",0.520572450805009
"1484",10,1.75,180,"TL_1",0.368836291913215
"1485",15,1.75,180,"TL_1",0.271682340647858
"1486",20,1.75,180,"TL_1",0.184412733260154
"1487",25,1.75,180,"TL_1",0.137387387387387
"1488",30,1.75,180,"TL_1",0.135287485907554
"1489",5,2.5,180,"TL_1",0.759189797449362
"1490",10,2.5,180,"TL_1",0.42175572519084
"1491",15,2.5,180,"TL_1",0.350947158524427
"1492",20,2.5,180,"TL_1",0.231016042780749
"1493",25,2.5,180,"TL_1",0.182417582417582
"1494",30,2.5,180,"TL_1",0.16629711751663
"1495",5,3.25,180,"TL_1",0.921069797782126
"1496",10,3.25,180,"TL_1",0.519247985675918
"1497",15,3.25,180,"TL_1",0.409615384615385
"1498",20,3.25,180,"TL_1",0.293085655314757
"1499",25,3.25,180,"TL_1",0.238551650692226
"1500",30,3.25,180,"TL_1",0.188389923329682
"1501",5,4,180,"TL_1",0.939063502245029
"1502",10,4,180,"TL_1",0.576592082616179
"1503",15,4,180,"TL_1",0.499092558983666
"1504",20,4,180,"TL_1",0.433712121212121
"1505",25,4,180,"TL_1",0.312244897959184
"1506",30,4,180,"TL_1",0.262605042016807
"1507",5,4.75,180,"TL_1",0.94984126984127
"1508",10,4.75,180,"TL_1",0.672552166934189
"1509",15,4.75,180,"TL_1",0.524531668153434
"1510",20,4.75,180,"TL_1",0.465677179962894
"1511",25,4.75,180,"TL_1",0.420248328557784
"1512",30,4.75,180,"TL_1",0.282450674974039
"1513",5,1,30,"TL_2",0.455840455840456
"1514",10,1,30,"TL_2",0.214168039538715
"1515",15,1,30,"TL_2",0.0915492957746479
"1516",20,1,30,"TL_2",0
"1517",25,1,30,"TL_2",0
"1518",30,1,30,"TL_2",0
"1519",5,1.75,30,"TL_2",0.562334217506631
"1520",10,1.75,30,"TL_2",0.496532593619972
"1521",15,1.75,30,"TL_2",0.276629570747218
"1522",20,1.75,30,"TL_2",0.262820512820513
"1523",25,1.75,30,"TL_2",0.184254606365159
"1524",30,1.75,30,"TL_2",0.104895104895105
"1525",5,2.5,30,"TL_2",0.717159763313609
"1526",10,2.5,30,"TL_2",0.521145975443383
"1527",15,2.5,30,"TL_2",0.496532593619972
"1528",20,2.5,30,"TL_2",0.435786435786436
"1529",25,2.5,30,"TL_2",0.300940438871473
"1530",30,2.5,30,"TL_2",0.127806563039724
"1531",5,3.25,30,"TL_2",0.934119960668633
"1532",10,3.25,30,"TL_2",0.558510638297872
"1533",15,3.25,30,"TL_2",0.535135135135135
"1534",20,3.25,30,"TL_2",0.527173913043478
"1535",25,3.25,30,"TL_2",0.473239436619718
"1536",30,3.25,30,"TL_2",0.334869431643625
"1537",5,4,30,"TL_2",0.990689013035382
"1538",10,4,30,"TL_2",0.601290322580645
"1539",15,4,30,"TL_2",0.539083557951482
"1540",20,4,30,"TL_2",0.539083557951482
"1541",25,4,30,"TL_2",0.535135135135135
"1542",30,4,30,"TL_2",0.46241134751773
"1543",5,4.75,30,"TL_2",0.996296296296296
"1544",10,4.75,30,"TL_2",0.661728395061728
"1545",15,4.75,30,"TL_2",0.546916890080429
"1546",20,4.75,30,"TL_2",0.54496644295302
"1547",25,4.75,30,"TL_2",0.543010752688172
"1548",30,4.75,30,"TL_2",0.541049798115747
"1549",5,1,60,"TL_2",0.481792717086835
"1550",10,1,60,"TL_2",0.248788368336026
"1551",15,1,60,"TL_2",0.0915492957746479
"1552",20,1,60,"TL_2",0
"1553",25,1,60,"TL_2",0
"1554",30,1,60,"TL_2",0
"1555",5,1.75,60,"TL_2",0.569920844327177
"1556",10,1.75,60,"TL_2",0.508940852819807
"1557",15,1.75,60,"TL_2",0.377245508982036
"1558",20,1.75,60,"TL_2",0.324574961360124
"1559",25,1.75,60,"TL_2",0.231647634584013
"1560",30,1.75,60,"TL_2",0.127806563039724
"1561",5,2.5,60,"TL_2",0.717159763313609
"1562",10,2.5,60,"TL_2",0.527173913043478
"1563",15,2.5,60,"TL_2",0.515068493150685
"1564",20,2.5,60,"TL_2",0.510989010989011
"1565",25,2.5,60,"TL_2",0.415204678362573
"1566",30,2.5,60,"TL_2",0.268370607028754
"1567",5,3.25,60,"TL_2",0.934119960668633
"1568",10,3.25,60,"TL_2",0.558510638297872
"1569",15,3.25,60,"TL_2",0.535135135135135
"1570",20,3.25,60,"TL_2",0.531165311653117
"1571",25,3.25,60,"TL_2",0.488145048814505
"1572",30,3.25,60,"TL_2",0.391691394658754
"1573",5,4,60,"TL_2",0.990689013035382
"1574",10,4,60,"TL_2",0.601290322580645
"1575",15,4,60,"TL_2",0.539083557951482
"1576",20,4,60,"TL_2",0.539083557951482
"1577",25,4,60,"TL_2",0.537112010796221
"1578",30,4,60,"TL_2",0.523160762942779
"1579",5,4.75,60,"TL_2",0.996296296296296
"1580",10,4.75,60,"TL_2",0.661728395061728
"1581",15,4.75,60,"TL_2",0.546916890080429
"1582",20,4.75,60,"TL_2",0.54496644295302
"1583",25,4.75,60,"TL_2",0.543010752688172
"1584",30,4.75,60,"TL_2",0.541049798115747
"1585",5,1,90,"TL_2",0.496532593619972
"1586",10,1,90,"TL_2",0.31937984496124
"1587",15,1,90,"TL_2",0.124567474048443
"1588",20,1,90,"TL_2",0
"1589",25,1,90,"TL_2",0
"1590",30,1,90,"TL_2",0
"1591",5,1.75,90,"TL_2",0.571805006587615
"1592",10,1.75,90,"TL_2",0.519125683060109
"1593",15,1.75,90,"TL_2",0.424418604651163
"1594",20,1.75,90,"TL_2",0.337423312883436
"1595",25,1.75,90,"TL_2",0.268370607028754
"1596",30,1.75,90,"TL_2",0.251612903225806
"1597",5,2.5,90,"TL_2",0.717159763313609
"1598",10,2.5,90,"TL_2",0.527173913043478
"1599",15,2.5,90,"TL_2",0.527173913043478
"1600",20,2.5,90,"TL_2",0.521145975443383
"1601",25,2.5,90,"TL_2",0.486033519553073
"1602",30,2.5,90,"TL_2",0.382089552238806
"1603",5,3.25,90,"TL_2",0.934119960668633
"1604",10,3.25,90,"TL_2",0.558510638297872
"1605",15,3.25,90,"TL_2",0.535135135135135
"1606",20,3.25,90,"TL_2",0.531165311653117
"1607",25,3.25,90,"TL_2",0.529172320217096
"1608",30,3.25,90,"TL_2",0.479663394109397
"1609",5,4,90,"TL_2",0.992565055762082
"1610",10,4,90,"TL_2",0.604890604890605
"1611",15,4,90,"TL_2",0.543010752688172
"1612",20,4,90,"TL_2",0.543010752688172
"1613",25,4,90,"TL_2",0.541049798115747
"1614",30,4,90,"TL_2",0.535135135135135
"1615",5,4.75,90,"TL_2",0.99815157116451
"1616",10,4.75,90,"TL_2",0.665024630541872
"1617",15,4.75,90,"TL_2",0.550802139037433
"1618",20,4.75,90,"TL_2",0.548862115127175
"1619",25,4.75,90,"TL_2",0.548862115127175
"1620",30,4.75,90,"TL_2",0.54496644295302
"1621",5,1,120,"TL_2",0.496532593619972
"1622",10,1,120,"TL_2",0.321981424148607
"1623",15,1,120,"TL_2",0.124567474048443
"1624",20,1,120,"TL_2",0
"1625",25,1,120,"TL_2",0
"1626",30,1,120,"TL_2",0
"1627",5,1.75,120,"TL_2",0.571805006587615
"1628",10,1.75,120,"TL_2",0.519125683060109
"1629",15,1.75,120,"TL_2",0.424418604651163
"1630",20,1.75,120,"TL_2",0.342507645259939
"1631",25,1.75,120,"TL_2",0.273885350318471
"1632",30,1.75,120,"TL_2",0.257234726688103
"1633",5,2.5,120,"TL_2",0.717159763313609
"1634",10,2.5,120,"TL_2",0.527173913043478
"1635",15,2.5,120,"TL_2",0.527173913043478
"1636",20,2.5,120,"TL_2",0.521145975443383
"1637",25,2.5,120,"TL_2",0.486033519553073
"1638",30,2.5,120,"TL_2",0.410557184750733
"1639",5,3.25,120,"TL_2",0.934119960668633
"1640",10,3.25,120,"TL_2",0.558510638297872
"1641",15,3.25,120,"TL_2",0.535135135135135
"1642",20,3.25,120,"TL_2",0.531165311653117
"1643",25,3.25,120,"TL_2",0.529172320217096
"1644",30,3.25,120,"TL_2",0.506887052341598
"1645",5,4,120,"TL_2",0.992565055762082
"1646",10,4,120,"TL_2",0.604890604890605
"1647",15,4,120,"TL_2",0.543010752688172
"1648",20,4,120,"TL_2",0.543010752688172
"1649",25,4,120,"TL_2",0.543010752688172
"1650",30,4,120,"TL_2",0.539083557951482
"1651",5,4.75,120,"TL_2",0.99815157116451
"1652",10,4.75,120,"TL_2",0.665024630541872
"1653",15,4.75,120,"TL_2",0.550802139037433
"1654",20,4.75,120,"TL_2",0.548862115127175
"1655",25,4.75,120,"TL_2",0.548862115127175
"1656",30,4.75,120,"TL_2",0.546916890080429
"1657",5,1,150,"TL_2",0.496532593619972
"1658",10,1,150,"TL_2",0.329738058551618
"1659",15,1,150,"TL_2",0.124567474048443
"1660",20,1,150,"TL_2",0
"1661",25,1,150,"TL_2",0
"1662",30,1,150,"TL_2",0
"1663",5,1.75,150,"TL_2",0.571805006587615
"1664",10,1.75,150,"TL_2",0.519125683060109
"1665",15,1.75,150,"TL_2",0.424418604651163
"1666",20,1.75,150,"TL_2",0.342507645259939
"1667",25,1.75,150,"TL_2",0.276629570747218
"1668",30,1.75,150,"TL_2",0.2656
"1669",5,2.5,150,"TL_2",0.717159763313609
"1670",10,2.5,150,"TL_2",0.527173913043478
"1671",15,2.5,150,"TL_2",0.527173913043478
"1672",20,2.5,150,"TL_2",0.521145975443383
"1673",25,2.5,150,"TL_2",0.486033519553073
"1674",30,2.5,150,"TL_2",0.412884333821376
"1675",5,3.25,150,"TL_2",0.937254901960784
"1676",10,3.25,150,"TL_2",0.560424966799469
"1677",15,3.25,150,"TL_2",0.537112010796221
"1678",20,3.25,150,"TL_2",0.533152909336942
"1679",25,3.25,150,"TL_2",0.531165311653117
"1680",30,3.25,150,"TL_2",0.508940852819807
"1681",5,4,150,"TL_2",0.992565055762082
"1682",10,4,150,"TL_2",0.604890604890605
"1683",15,4,150,"TL_2",0.543010752688172
"1684",20,4,150,"TL_2",0.543010752688172
"1685",25,4,150,"TL_2",0.543010752688172
"1686",30,4,150,"TL_2",0.539083557951482
"1687",5,4.75,150,"TL_2",0.99815157116451
"1688",10,4.75,150,"TL_2",0.665024630541872
"1689",15,4.75,150,"TL_2",0.550802139037433
"1690",20,4.75,150,"TL_2",0.548862115127175
"1691",25,4.75,150,"TL_2",0.548862115127175
"1692",30,4.75,150,"TL_2",0.546916890080429
"1693",5,1,180,"TL_2",0.498614958448753
"1694",10,1,180,"TL_2",0.342507645259939
"1695",15,1,180,"TL_2",0.124567474048443
"1696",20,1,180,"TL_2",0
"1697",25,1,180,"TL_2",0
"1698",30,1,180,"TL_2",0
"1699",5,1.75,180,"TL_2",0.571805006587615
"1700",10,1.75,180,"TL_2",0.519125683060109
"1701",15,1.75,180,"TL_2",0.426705370101597
"1702",20,1.75,180,"TL_2",0.345038167938931
"1703",25,1.75,180,"TL_2",0.282091917591125
"1704",30,1.75,180,"TL_2",0.268370607028754
"1705",5,2.5,180,"TL_2",0.717159763313609
"1706",10,2.5,180,"TL_2",0.529172320217096
"1707",15,2.5,180,"TL_2",0.527173913043478
"1708",20,2.5,180,"TL_2",0.521145975443383
"1709",25,2.5,180,"TL_2",0.486033519553073
"1710",30,2.5,180,"TL_2",0.440287769784173
"1711",5,3.25,180,"TL_2",0.937254901960784
"1712",10,3.25,180,"TL_2",0.560424966799469
"1713",15,3.25,180,"TL_2",0.537112010796221
"1714",20,3.25,180,"TL_2",0.533152909336942
"1715",25,3.25,180,"TL_2",0.531165311653117
"1716",30,3.25,180,"TL_2",0.510989010989011
"1717",5,4,180,"TL_2",0.992565055762082
"1718",10,4,180,"TL_2",0.604890604890605
"1719",15,4,180,"TL_2",0.543010752688172
"1720",20,4,180,"TL_2",0.543010752688172
"1721",25,4,180,"TL_2",0.543010752688172
"1722",30,4,180,"TL_2",0.539083557951482
"1723",5,4.75,180,"TL_2",0.99815157116451
"1724",10,4.75,180,"TL_2",0.665024630541872
"1725",15,4.75,180,"TL_2",0.550802139037433
"1726",20,4.75,180,"TL_2",0.548862115127175
"1727",25,4.75,180,"TL_2",0.548862115127175
"1728",30,4.75,180,"TL_2",0.546916890080429
"1729",5,1,30,"YL_1",0.840885142255005
"1730",10,1,30,"YL_1",0.82618025751073
"1731",15,1,30,"YL_1",0.816143497757848
"1732",20,1,30,"YL_1",0.781395348837209
"1733",25,1,30,"YL_1",0.800959232613909
"1734",30,1,30,"YL_1",0.765151515151515
"1735",5,1.75,30,"YL_1",0.813056379821958
"1736",10,1.75,30,"YL_1",0.835233160621762
"1737",15,1.75,30,"YL_1",0.826722338204593
"1738",20,1.75,30,"YL_1",0.82921589688507
"1739",25,1.75,30,"YL_1",0.829373650107991
"1740",30,1.75,30,"YL_1",0.812362030905077
"1741",5,2.5,30,"YL_1",0.718531468531469
"1742",10,2.5,30,"YL_1",0.825557809330629
"1743",15,2.5,30,"YL_1",0.824489795918367
"1744",20,2.5,30,"YL_1",0.826310380267215
"1745",25,2.5,30,"YL_1",0.825396825396825
"1746",30,2.5,30,"YL_1",0.828905419766206
"1747",5,3.25,30,"YL_1",0.605747973470892
"1748",10,3.25,30,"YL_1",0.797284190106692
"1749",15,3.25,30,"YL_1",0.811940298507463
"1750",20,3.25,30,"YL_1",0.813627254509018
"1751",25,3.25,30,"YL_1",0.816901408450704
"1752",30,3.25,30,"YL_1",0.814968814968815
"1753",5,4,30,"YL_1",0.589670014347202
"1754",10,4,30,"YL_1",0.771106941838649
"1755",15,4,30,"YL_1",0.799610894941634
"1756",20,4,30,"YL_1",0.803921568627451
"1757",25,4,30,"YL_1",0.8023598820059
"1758",30,4,30,"YL_1",0.802456499488229
"1759",5,4.75,30,"YL_1",0.585887384176764
"1760",10,4.75,30,"YL_1",0.735899731423456
"1761",15,4.75,30,"YL_1",0.785100286532951
"1762",20,4.75,30,"YL_1",0.78735632183908
"1763",25,4.75,30,"YL_1",0.793436293436293
"1764",30,4.75,30,"YL_1",0.802734375
"1765",5,1,60,"YL_1",0.84
"1766",10,1,60,"YL_1",0.82529474812433
"1767",15,1,60,"YL_1",0.814317673378076
"1768",20,1,60,"YL_1",0.780092592592593
"1769",25,1,60,"YL_1",0.798569725864124
"1770",30,1,60,"YL_1",0.764779874213837
"1771",5,1.75,60,"YL_1",0.813056379821958
"1772",10,1.75,60,"YL_1",0.834368530020704
"1773",15,1.75,60,"YL_1",0.825860271115746
"1774",20,1.75,60,"YL_1",0.827438370846731
"1775",25,1.75,60,"YL_1",0.827586206896552
"1776",30,1.75,60,"YL_1",0.810098792535675
"1777",5,2.5,60,"YL_1",0.717903930131004
"1778",10,2.5,60,"YL_1",0.824721377912867
"1779",15,2.5,60,"YL_1",0.821973550356053
"1780",20,2.5,60,"YL_1",0.823770491803279
"1781",25,2.5,60,"YL_1",0.821917808219178
"1782",30,2.5,60,"YL_1",0.821917808219178
"1783",5,3.25,60,"YL_1",0.605747973470892
"1784",10,3.25,60,"YL_1",0.796511627906977
"1785",15,3.25,60,"YL_1",0.811940298507463
"1786",20,3.25,60,"YL_1",0.813627254509018
"1787",25,3.25,60,"YL_1",0.815261044176707
"1788",30,3.25,60,"YL_1",0.809081527347781
"1789",5,4,60,"YL_1",0.589670014347202
"1790",10,4,60,"YL_1",0.76750700280112
"1791",15,4,60,"YL_1",0.797284190106692
"1792",20,4,60,"YL_1",0.80078125
"1793",25,4,60,"YL_1",0.799216454456415
"1794",30,4,60,"YL_1",0.795131845841785
"1795",5,4.75,60,"YL_1",0.585887384176764
"1796",10,4.75,60,"YL_1",0.732620320855615
"1797",15,4.75,60,"YL_1",0.77914691943128
"1798",20,4.75,60,"YL_1",0.781368821292776
"1799",25,4.75,60,"YL_1",0.78585086042065
"1800",30,4.75,60,"YL_1",0.796511627906977
"1801",5,1,90,"YL_1",0.84
"1802",10,1,90,"YL_1",0.82529474812433
"1803",15,1,90,"YL_1",0.814317673378076
"1804",20,1,90,"YL_1",0.780092592592593
"1805",25,1,90,"YL_1",0.798569725864124
"1806",30,1,90,"YL_1",0.764779874213837
"1807",5,1.75,90,"YL_1",0.813056379821958
"1808",10,1.75,90,"YL_1",0.834368530020704
"1809",15,1.75,90,"YL_1",0.825860271115746
"1810",20,1.75,90,"YL_1",0.827438370846731
"1811",25,1.75,90,"YL_1",0.827586206896552
"1812",30,1.75,90,"YL_1",0.810098792535675
"1813",5,2.5,90,"YL_1",0.717903930131004
"1814",10,2.5,90,"YL_1",0.823053589484328
"1815",15,2.5,90,"YL_1",0.820304568527919
"1816",20,2.5,90,"YL_1",0.823770491803279
"1817",25,2.5,90,"YL_1",0.821917808219178
"1818",30,2.5,90,"YL_1",0.821917808219178
"1819",5,3.25,90,"YL_1",0.605747973470892
"1820",10,3.25,90,"YL_1",0.795740561471442
"1821",15,3.25,90,"YL_1",0.811940298507463
"1822",20,3.25,90,"YL_1",0.813627254509018
"1823",25,3.25,90,"YL_1",0.815261044176707
"1824",30,3.25,90,"YL_1",0.809081527347781
"1825",5,4,90,"YL_1",0.589670014347202
"1826",10,4,90,"YL_1",0.764651162790698
"1827",15,4,90,"YL_1",0.796511627906977
"1828",20,4,90,"YL_1",0.8
"1829",25,4,90,"YL_1",0.798434442270059
"1830",30,4,90,"YL_1",0.792719919110212
"1831",5,4.75,90,"YL_1",0.585887384176764
"1832",10,4.75,90,"YL_1",0.731967943009795
"1833",15,4.75,90,"YL_1",0.77914691943128
"1834",20,4.75,90,"YL_1",0.781368821292776
"1835",25,4.75,90,"YL_1",0.78585086042065
"1836",30,4.75,90,"YL_1",0.793436293436293
"1837",5,1,120,"YL_1",0.84
"1838",10,1,120,"YL_1",0.82529474812433
"1839",15,1,120,"YL_1",0.814317673378076
"1840",20,1,120,"YL_1",0.780092592592593
"1841",25,1,120,"YL_1",0.798569725864124
"1842",30,1,120,"YL_1",0.764779874213837
"1843",5,1.75,120,"YL_1",0.813056379821958
"1844",10,1.75,120,"YL_1",0.834368530020704
"1845",15,1.75,120,"YL_1",0.825860271115746
"1846",20,1.75,120,"YL_1",0.827438370846731
"1847",25,1.75,120,"YL_1",0.827586206896552
"1848",30,1.75,120,"YL_1",0.810098792535675
"1849",5,2.5,120,"YL_1",0.717903930131004
"1850",10,2.5,120,"YL_1",0.823053589484328
"1851",15,2.5,120,"YL_1",0.820304568527919
"1852",20,2.5,120,"YL_1",0.823770491803279
"1853",25,2.5,120,"YL_1",0.821917808219178
"1854",30,2.5,120,"YL_1",0.821917808219178
"1855",5,3.25,120,"YL_1",0.605747973470892
"1856",10,3.25,120,"YL_1",0.795740561471442
"1857",15,3.25,120,"YL_1",0.811940298507463
"1858",20,3.25,120,"YL_1",0.813627254509018
"1859",25,3.25,120,"YL_1",0.815261044176707
"1860",30,3.25,120,"YL_1",0.809081527347781
"1861",5,4,120,"YL_1",0.589670014347202
"1862",10,4,120,"YL_1",0.764651162790698
"1863",15,4,120,"YL_1",0.796511627906977
"1864",20,4,120,"YL_1",0.8
"1865",25,4,120,"YL_1",0.798434442270059
"1866",30,4,120,"YL_1",0.792719919110212
"1867",5,4.75,120,"YL_1",0.585887384176764
"1868",10,4.75,120,"YL_1",0.731967943009795
"1869",15,4.75,120,"YL_1",0.77914691943128
"1870",20,4.75,120,"YL_1",0.781368821292776
"1871",25,4.75,120,"YL_1",0.78585086042065
"1872",30,4.75,120,"YL_1",0.793436293436293
"1873",5,1,150,"YL_1",0.84
"1874",10,1,150,"YL_1",0.82529474812433
"1875",15,1,150,"YL_1",0.814317673378076
"1876",20,1,150,"YL_1",0.780092592592593
"1877",25,1,150,"YL_1",0.798569725864124
"1878",30,1,150,"YL_1",0.764779874213837
"1879",5,1.75,150,"YL_1",0.813056379821958
"1880",10,1.75,150,"YL_1",0.834368530020704
"1881",15,1.75,150,"YL_1",0.825860271115746
"1882",20,1.75,150,"YL_1",0.827438370846731
"1883",25,1.75,150,"YL_1",0.827586206896552
"1884",30,1.75,150,"YL_1",0.810098792535675
"1885",5,2.5,150,"YL_1",0.717903930131004
"1886",10,2.5,150,"YL_1",0.823053589484328
"1887",15,2.5,150,"YL_1",0.820304568527919
"1888",20,2.5,150,"YL_1",0.823770491803279
"1889",25,2.5,150,"YL_1",0.821917808219178
"1890",30,2.5,150,"YL_1",0.821917808219178
"1891",5,3.25,150,"YL_1",0.605747973470892
"1892",10,3.25,150,"YL_1",0.795740561471442
"1893",15,3.25,150,"YL_1",0.811940298507463
"1894",20,3.25,150,"YL_1",0.813627254509018
"1895",25,3.25,150,"YL_1",0.815261044176707
"1896",30,3.25,150,"YL_1",0.809081527347781
"1897",5,4,150,"YL_1",0.589670014347202
"1898",10,4,150,"YL_1",0.764651162790698
"1899",15,4,150,"YL_1",0.796511627906977
"1900",20,4,150,"YL_1",0.8
"1901",25,4,150,"YL_1",0.798434442270059
"1902",30,4,150,"YL_1",0.792719919110212
"1903",5,4.75,150,"YL_1",0.585887384176764
"1904",10,4.75,150,"YL_1",0.731967943009795
"1905",15,4.75,150,"YL_1",0.77914691943128
"1906",20,4.75,150,"YL_1",0.781368821292776
"1907",25,4.75,150,"YL_1",0.78585086042065
"1908",30,4.75,150,"YL_1",0.793436293436293
"1909",5,1,180,"YL_1",0.84
"1910",10,1,180,"YL_1",0.82529474812433
"1911",15,1,180,"YL_1",0.814317673378076
"1912",20,1,180,"YL_1",0.780092592592593
"1913",25,1,180,"YL_1",0.798569725864124
"1914",30,1,180,"YL_1",0.764779874213837
"1915",5,1.75,180,"YL_1",0.813056379821958
"1916",10,1.75,180,"YL_1",0.834368530020704
"1917",15,1.75,180,"YL_1",0.825860271115746
"1918",20,1.75,180,"YL_1",0.827438370846731
"1919",25,1.75,180,"YL_1",0.827586206896552
"1920",30,1.75,180,"YL_1",0.810098792535675
"1921",5,2.5,180,"YL_1",0.717903930131004
"1922",10,2.5,180,"YL_1",0.823053589484328
"1923",15,2.5,180,"YL_1",0.820304568527919
"1924",20,2.5,180,"YL_1",0.823770491803279
"1925",25,2.5,180,"YL_1",0.821917808219178
"1926",30,2.5,180,"YL_1",0.821917808219178
"1927",5,3.25,180,"YL_1",0.605747973470892
"1928",10,3.25,180,"YL_1",0.795740561471442
"1929",15,3.25,180,"YL_1",0.811940298507463
"1930",20,3.25,180,"YL_1",0.813627254509018
"1931",25,3.25,180,"YL_1",0.815261044176707
"1932",30,3.25,180,"YL_1",0.809081527347781
"1933",5,4,180,"YL_1",0.589670014347202
"1934",10,4,180,"YL_1",0.764651162790698
"1935",15,4,180,"YL_1",0.796511627906977
"1936",20,4,180,"YL_1",0.8
"1937",25,4,180,"YL_1",0.798434442270059
"1938",30,4,180,"YL_1",0.792719919110212
"1939",5,4.75,180,"YL_1",0.585887384176764
"1940",10,4.75,180,"YL_1",0.731967943009795
"1941",15,4.75,180,"YL_1",0.77914691943128
"1942",20,4.75,180,"YL_1",0.781368821292776
"1943",25,4.75,180,"YL_1",0.78585086042065
"1944",30,4.75,180,"YL_1",0.793436293436293
"1945",5,1,30,"YL_2",0.519924098671727
"1946",10,1,30,"YL_2",0.456289978678038
"1947",15,1,30,"YL_2",0.494226327944573
"1948",20,1,30,"YL_2",0.414634146341463
"1949",25,1,30,"YL_2",0.322916666666667
"1950",30,1,30,"YL_2",0.318840579710145
"1951",5,1.75,30,"YL_2",0.543516873889876
"1952",10,1.75,30,"YL_2",0.451219512195122
"1953",15,1.75,30,"YL_2",0.466386554621849
"1954",20,1.75,30,"YL_2",0.467368421052632
"1955",25,1.75,30,"YL_2",0.334128878281623
"1956",30,1.75,30,"YL_2",0.334928229665072
"1957",5,2.5,30,"YL_2",0.480122324159021
"1958",10,2.5,30,"YL_2",0.512241054613936
"1959",15,2.5,30,"YL_2",0.453280318091451
"1960",20,2.5,30,"YL_2",0.468172484599589
"1961",25,2.5,30,"YL_2",0.321100917431193
"1962",30,2.5,30,"YL_2",0.323325635103926
"1963",5,3.25,30,"YL_2",0.356502242152466
"1964",10,3.25,30,"YL_2",0.508896797153025
"1965",15,3.25,30,"YL_2",0.468809073724008
"1966",20,3.25,30,"YL_2",0.466135458167331
"1967",25,3.25,30,"YL_2",0.468937875751503
"1968",30,3.25,30,"YL_2",0.316027088036117
"1969",5,4,30,"YL_2",0.338983050847458
"1970",10,4,30,"YL_2",0.509933774834437
"1971",15,4,30,"YL_2",0.503571428571429
"1972",20,4,30,"YL_2",0.478927203065134
"1973",25,4,30,"YL_2",0.481695568400771
"1974",30,4,30,"YL_2",0.427104722792608
"1975",5,4.75,30,"YL_2",0.336487907465825
"1976",10,4.75,30,"YL_2",0.508856682769726
"1977",15,4.75,30,"YL_2",0.508591065292096
"1978",20,4.75,30,"YL_2",0.469043151969981
"1979",25,4.75,30,"YL_2",0.472589792060492
"1980",30,4.75,30,"YL_2",0.421052631578947
"1981",5,1,60,"YL_2",0.519924098671727
"1982",10,1,60,"YL_2",0.456289978678038
"1983",15,1,60,"YL_2",0.494226327944573
"1984",20,1,60,"YL_2",0.414634146341463
"1985",25,1,60,"YL_2",0.327272727272727
"1986",30,1,60,"YL_2",0.352272727272727
"1987",5,1.75,60,"YL_2",0.542553191489362
"1988",10,1.75,60,"YL_2",0.451219512195122
"1989",15,1.75,60,"YL_2",0.466386554621849
"1990",20,1.75,60,"YL_2",0.467368421052632
"1991",25,1.75,60,"YL_2",0.33096926713948
"1992",30,1.75,60,"YL_2",0.332541567695962
"1993",5,2.5,60,"YL_2",0.484756097560976
"1994",10,2.5,60,"YL_2",0.511278195488722
"1995",15,2.5,60,"YL_2",0.455445544554455
"1996",20,2.5,60,"YL_2",0.471311475409836
"1997",25,2.5,60,"YL_2",0.321100917431193
"1998",30,2.5,60,"YL_2",0.32258064516129
"1999",5,3.25,60,"YL_2",0.358342665173572
"2000",10,3.25,60,"YL_2",0.50709219858156
"2001",15,3.25,60,"YL_2",0.468809073724008
"2002",20,3.25,60,"YL_2",0.471287128712871
"2003",25,3.25,60,"YL_2",0.474103585657371
"2004",30,3.25,60,"YL_2",0.314606741573034
"2005",5,4,60,"YL_2",0.338983050847458
"2006",10,4,60,"YL_2",0.509933774834437
"2007",15,4,60,"YL_2",0.501779359430605
"2008",20,4,60,"YL_2",0.478011472275335
"2009",25,4,60,"YL_2",0.480769230769231
"2010",30,4,60,"YL_2",0.425357873210634
"2011",5,4.75,60,"YL_2",0.336487907465825
"2012",10,4.75,60,"YL_2",0.508856682769726
"2013",15,4.75,60,"YL_2",0.507718696397942
"2014",20,4.75,60,"YL_2",0.468164794007491
"2015",25,4.75,60,"YL_2",0.471698113207547
"2016",30,4.75,60,"YL_2",0.419354838709677
"2017",5,1,90,"YL_2",0.519924098671727
"2018",10,1,90,"YL_2",0.456289978678038
"2019",15,1,90,"YL_2",0.494226327944573
"2020",20,1,90,"YL_2",0.414634146341463
"2021",25,1,90,"YL_2",0.327272727272727
"2022",30,1,90,"YL_2",0.352272727272727
"2023",5,1.75,90,"YL_2",0.542553191489362
"2024",10,1.75,90,"YL_2",0.451219512195122
"2025",15,1.75,90,"YL_2",0.466386554621849
"2026",20,1.75,90,"YL_2",0.467368421052632
"2027",25,1.75,90,"YL_2",0.33096926713948
"2028",30,1.75,90,"YL_2",0.332541567695962
"2029",5,2.5,90,"YL_2",0.484756097560976
"2030",10,2.5,90,"YL_2",0.511278195488722
"2031",15,2.5,90,"YL_2",0.455445544554455
"2032",20,2.5,90,"YL_2",0.471311475409836
"2033",25,2.5,90,"YL_2",0.321100917431193
"2034",30,2.5,90,"YL_2",0.32258064516129
"2035",5,3.25,90,"YL_2",0.358342665173572
"2036",10,3.25,90,"YL_2",0.50709219858156
"2037",15,3.25,90,"YL_2",0.468809073724008
"2038",20,3.25,90,"YL_2",0.471287128712871
"2039",25,3.25,90,"YL_2",0.474103585657371
"2040",30,3.25,90,"YL_2",0.314606741573034
"2041",5,4,90,"YL_2",0.338983050847458
"2042",10,4,90,"YL_2",0.509933774834437
"2043",15,4,90,"YL_2",0.501779359430605
"2044",20,4,90,"YL_2",0.478011472275335
"2045",25,4,90,"YL_2",0.480769230769231
"2046",30,4,90,"YL_2",0.425357873210634
"2047",5,4.75,90,"YL_2",0.336487907465825
"2048",10,4.75,90,"YL_2",0.508856682769726
"2049",15,4.75,90,"YL_2",0.507718696397942
"2050",20,4.75,90,"YL_2",0.468164794007491
"2051",25,4.75,90,"YL_2",0.471698113207547
"2052",30,4.75,90,"YL_2",0.419354838709677
"2053",5,1,120,"YL_2",0.519924098671727
"2054",10,1,120,"YL_2",0.456289978678038
"2055",15,1,120,"YL_2",0.494226327944573
"2056",20,1,120,"YL_2",0.414634146341463
"2057",25,1,120,"YL_2",0.327272727272727
"2058",30,1,120,"YL_2",0.352272727272727
"2059",5,1.75,120,"YL_2",0.542553191489362
"2060",10,1.75,120,"YL_2",0.451219512195122
"2061",15,1.75,120,"YL_2",0.466386554621849
"2062",20,1.75,120,"YL_2",0.467368421052632
"2063",25,1.75,120,"YL_2",0.33096926713948
"2064",30,1.75,120,"YL_2",0.332541567695962
"2065",5,2.5,120,"YL_2",0.484756097560976
"2066",10,2.5,120,"YL_2",0.511278195488722
"2067",15,2.5,120,"YL_2",0.455445544554455
"2068",20,2.5,120,"YL_2",0.471311475409836
"2069",25,2.5,120,"YL_2",0.321100917431193
"2070",30,2.5,120,"YL_2",0.32258064516129
"2071",5,3.25,120,"YL_2",0.358342665173572
"2072",10,3.25,120,"YL_2",0.50709219858156
"2073",15,3.25,120,"YL_2",0.468809073724008
"2074",20,3.25,120,"YL_2",0.471287128712871
"2075",25,3.25,120,"YL_2",0.474103585657371
"2076",30,3.25,120,"YL_2",0.314606741573034
"2077",5,4,120,"YL_2",0.338983050847458
"2078",10,4,120,"YL_2",0.509933774834437
"2079",15,4,120,"YL_2",0.501779359430605
"2080",20,4,120,"YL_2",0.478011472275335
"2081",25,4,120,"YL_2",0.480769230769231
"2082",30,4,120,"YL_2",0.425357873210634
"2083",5,4.75,120,"YL_2",0.336487907465825
"2084",10,4.75,120,"YL_2",0.508856682769726
"2085",15,4.75,120,"YL_2",0.507718696397942
"2086",20,4.75,120,"YL_2",0.468164794007491
"2087",25,4.75,120,"YL_2",0.471698113207547
"2088",30,4.75,120,"YL_2",0.419354838709677
"2089",5,1,150,"YL_2",0.519924098671727
"2090",10,1,150,"YL_2",0.456289978678038
"2091",15,1,150,"YL_2",0.494226327944573
"2092",20,1,150,"YL_2",0.414634146341463
"2093",25,1,150,"YL_2",0.327272727272727
"2094",30,1,150,"YL_2",0.352272727272727
"2095",5,1.75,150,"YL_2",0.542553191489362
"2096",10,1.75,150,"YL_2",0.451219512195122
"2097",15,1.75,150,"YL_2",0.466386554621849
"2098",20,1.75,150,"YL_2",0.467368421052632
"2099",25,1.75,150,"YL_2",0.33096926713948
"2100",30,1.75,150,"YL_2",0.332541567695962
"2101",5,2.5,150,"YL_2",0.484756097560976
"2102",10,2.5,150,"YL_2",0.511278195488722
"2103",15,2.5,150,"YL_2",0.455445544554455
"2104",20,2.5,150,"YL_2",0.471311475409836
"2105",25,2.5,150,"YL_2",0.321100917431193
"2106",30,2.5,150,"YL_2",0.32258064516129
"2107",5,3.25,150,"YL_2",0.358342665173572
"2108",10,3.25,150,"YL_2",0.50709219858156
"2109",15,3.25,150,"YL_2",0.468809073724008
"2110",20,3.25,150,"YL_2",0.471287128712871
"2111",25,3.25,150,"YL_2",0.474103585657371
"2112",30,3.25,150,"YL_2",0.314606741573034
"2113",5,4,150,"YL_2",0.338983050847458
"2114",10,4,150,"YL_2",0.509933774834437
"2115",15,4,150,"YL_2",0.501779359430605
"2116",20,4,150,"YL_2",0.478011472275335
"2117",25,4,150,"YL_2",0.480769230769231
"2118",30,4,150,"YL_2",0.425357873210634
"2119",5,4.75,150,"YL_2",0.336487907465825
"2120",10,4.75,150,"YL_2",0.508856682769726
"2121",15,4.75,150,"YL_2",0.507718696397942
"2122",20,4.75,150,"YL_2",0.468164794007491
"2123",25,4.75,150,"YL_2",0.471698113207547
"2124",30,4.75,150,"YL_2",0.419354838709677
"2125",5,1,180,"YL_2",0.519924098671727
"2126",10,1,180,"YL_2",0.456289978678038
"2127",15,1,180,"YL_2",0.494226327944573
"2128",20,1,180,"YL_2",0.414634146341463
"2129",25,1,180,"YL_2",0.327272727272727
"2130",30,1,180,"YL_2",0.352272727272727
"2131",5,1.75,180,"YL_2",0.542553191489362
"2132",10,1.75,180,"YL_2",0.451219512195122
"2133",15,1.75,180,"YL_2",0.466386554621849
"2134",20,1.75,180,"YL_2",0.467368421052632
"2135",25,1.75,180,"YL_2",0.33096926713948
"2136",30,1.75,180,"YL_2",0.332541567695962
"2137",5,2.5,180,"YL_2",0.484756097560976
"2138",10,2.5,180,"YL_2",0.511278195488722
"2139",15,2.5,180,"YL_2",0.455445544554455
"2140",20,2.5,180,"YL_2",0.471311475409836
"2141",25,2.5,180,"YL_2",0.321100917431193
"2142",30,2.5,180,"YL_2",0.32258064516129
"2143",5,3.25,180,"YL_2",0.358342665173572
"2144",10,3.25,180,"YL_2",0.50709219858156
"2145",15,3.25,180,"YL_2",0.468809073724008
"2146",20,3.25,180,"YL_2",0.471287128712871
"2147",25,3.25,180,"YL_2",0.474103585657371
"2148",30,3.25,180,"YL_2",0.314606741573034
"2149",5,4,180,"YL_2",0.338983050847458
"2150",10,4,180,"YL_2",0.509933774834437
"2151",15,4,180,"YL_2",0.501779359430605
"2152",20,4,180,"YL_2",0.478011472275335
"2153",25,4,180,"YL_2",0.480769230769231
"2154",30,4,180,"YL_2",0.425357873210634
"2155",5,4.75,180,"YL_2",0.336487907465825
"2156",10,4.75,180,"YL_2",0.508856682769726
"2157",15,4.75,180,"YL_2",0.507718696397942
"2158",20,4.75,180,"YL_2",0.468164794007491
"2159",25,4.75,180,"YL_2",0.471698113207547
"2160",30,4.75,180,"YL_2",0.419354838709677
